"LOCATION","INDICATOR","SUBJECT","MEASURE","FREQUENCY","TIME","Value","Flag Codes"
"AUS","MFP","TOT","AGRWTH","A","1985",-2.949346,
"AUS","MFP","TOT","AGRWTH","A","1986",-0.732196,
"AUS","MFP","TOT","AGRWTH","A","1987",1.598779,
"AUS","MFP","TOT","AGRWTH","A","1988",-0.696244,
"AUS","MFP","TOT","AGRWTH","A","1989",-0.292071,
"AUS","MFP","TOT","AGRWTH","A","1990",-0.246534,
"AUS","MFP","TOT","AGRWTH","A","1991",0.707676,
"AUS","MFP","TOT","AGRWTH","A","1992",2.277549,
"AUS","MFP","TOT","AGRWTH","A","1993",0.374785,
"AUS","MFP","TOT","AGRWTH","A","1994",0.112091,
"AUS","MFP","TOT","AGRWTH","A","1995",2.034393,
"AUS","MFP","TOT","AGRWTH","A","1996",2.366978,
"AUS","MFP","TOT","AGRWTH","A","1997",2.282966,
"AUS","MFP","TOT","AGRWTH","A","1998",2.455333,
"AUS","MFP","TOT","AGRWTH","A","1999",0.401404,
"AUS","MFP","TOT","AGRWTH","A","2000",-0.01992,
"AUS","MFP","TOT","AGRWTH","A","2001",2.370221,
"AUS","MFP","TOT","AGRWTH","A","2002",0.412435,
"AUS","MFP","TOT","AGRWTH","A","2003",1.267578,
"AUS","MFP","TOT","AGRWTH","A","2004",-0.776142,
"AUS","MFP","TOT","AGRWTH","A","2005",-0.503158,
"AUS","MFP","TOT","AGRWTH","A","2006",-0.037404,
"AUS","MFP","TOT","AGRWTH","A","2007",0.217535,
"AUS","MFP","TOT","AGRWTH","A","2008",1.500686,
"AUS","MFP","TOT","AGRWTH","A","2009",-1.572543,
"AUS","MFP","TOT","AGRWTH","A","2010",0.384211,
"AUS","MFP","TOT","AGRWTH","A","2011",0.245781,
"AUS","MFP","TOT","AGRWTH","A","2012",0.816171,
"AUS","MFP","TOT","AGRWTH","A","2013",0.653039,
"AUS","MFP","TOT","AGRWTH","A","2014",-0.031576,
"AUS","MFP","TOT","AGRWTH","A","2015",1.854756,
"AUS","MFP","TOT","AGRWTH","A","2016",-0.163463,
"AUS","MFP","TOT","AGRWTH","A","2017",0.97964,
"AUS","MFP","TOT","AGRWTH","A","2018",-0.017945,
"AUS","MFP","TOT","AGRWTH","A","2019",-0.142304,
"AUT","MFP","TOT","AGRWTH","A","1989",2.267096,
"AUT","MFP","TOT","AGRWTH","A","1990",2.067615,
"AUT","MFP","TOT","AGRWTH","A","1991",1.732464,
"AUT","MFP","TOT","AGRWTH","A","1992",1.160581,
"AUT","MFP","TOT","AGRWTH","A","1993",1.373337,
"AUT","MFP","TOT","AGRWTH","A","1994",2.784615,
"AUT","MFP","TOT","AGRWTH","A","1995",5.509766,
"AUT","MFP","TOT","AGRWTH","A","1996",-0.189928,
"AUT","MFP","TOT","AGRWTH","A","1997",0.273555,
"AUT","MFP","TOT","AGRWTH","A","1998",2.565548,
"AUT","MFP","TOT","AGRWTH","A","1999",1.011342,
"AUT","MFP","TOT","AGRWTH","A","2000",1.319862,
"AUT","MFP","TOT","AGRWTH","A","2001",-0.067763,
"AUT","MFP","TOT","AGRWTH","A","2002",0.63123,
"AUT","MFP","TOT","AGRWTH","A","2003",-0.220321,
"AUT","MFP","TOT","AGRWTH","A","2004",1.214156,
"AUT","MFP","TOT","AGRWTH","A","2005",1.614726,
"AUT","MFP","TOT","AGRWTH","A","2006",2.059129,
"AUT","MFP","TOT","AGRWTH","A","2007",2.017351,
"AUT","MFP","TOT","AGRWTH","A","2008",-0.455013,
"AUT","MFP","TOT","AGRWTH","A","2009",-2.161882,
"AUT","MFP","TOT","AGRWTH","A","2010",0.947748,
"AUT","MFP","TOT","AGRWTH","A","2011",0.697311,
"AUT","MFP","TOT","AGRWTH","A","2012",0.264565,
"AUT","MFP","TOT","AGRWTH","A","2013",-0.280225,
"AUT","MFP","TOT","AGRWTH","A","2014",-0.159222,
"AUT","MFP","TOT","AGRWTH","A","2015",0.622672,
"AUT","MFP","TOT","AGRWTH","A","2016",-0.308628,
"AUT","MFP","TOT","AGRWTH","A","2017",0.875141,
"AUT","MFP","TOT","AGRWTH","A","2018",0.310533,
"AUT","MFP","TOT","AGRWTH","A","2019",-0.18439,
"BEL","MFP","TOT","AGRWTH","A","1985",-0.229086,
"BEL","MFP","TOT","AGRWTH","A","1986",0.844573,
"BEL","MFP","TOT","AGRWTH","A","1987",1.149259,
"BEL","MFP","TOT","AGRWTH","A","1988",2.409961,
"BEL","MFP","TOT","AGRWTH","A","1989",1.189235,
"BEL","MFP","TOT","AGRWTH","A","1990",0.153663,
"BEL","MFP","TOT","AGRWTH","A","1991",1.910555,
"BEL","MFP","TOT","AGRWTH","A","1992",1.417795,
"BEL","MFP","TOT","AGRWTH","A","1993",0.233467,
"BEL","MFP","TOT","AGRWTH","A","1994",2.202996,
"BEL","MFP","TOT","AGRWTH","A","1995",-0.690256,
"BEL","MFP","TOT","AGRWTH","A","1996",-0.238632,
"BEL","MFP","TOT","AGRWTH","A","1997",1.484515,
"BEL","MFP","TOT","AGRWTH","A","1998",-0.392819,
"BEL","MFP","TOT","AGRWTH","A","1999",0.984511,
"BEL","MFP","TOT","AGRWTH","A","2000",-0.037464,
"BEL","MFP","TOT","AGRWTH","A","2001",-1.1154,
"BEL","MFP","TOT","AGRWTH","A","2002",-0.351447,
"BEL","MFP","TOT","AGRWTH","A","2003",-0.229992,
"BEL","MFP","TOT","AGRWTH","A","2004",2.12421,
"BEL","MFP","TOT","AGRWTH","A","2005",0.496264,
"BEL","MFP","TOT","AGRWTH","A","2006",-0.084409,
"BEL","MFP","TOT","AGRWTH","A","2007",1.099225,
"BEL","MFP","TOT","AGRWTH","A","2008",-1.46428,
"BEL","MFP","TOT","AGRWTH","A","2009",-1.877305,
"BEL","MFP","TOT","AGRWTH","A","2010",1.038341,
"BEL","MFP","TOT","AGRWTH","A","2011",-0.918686,
"BEL","MFP","TOT","AGRWTH","A","2012",-0.151343,
"BEL","MFP","TOT","AGRWTH","A","2013",0.169745,
"BEL","MFP","TOT","AGRWTH","A","2014",0.799766,
"BEL","MFP","TOT","AGRWTH","A","2015",0.930078,
"BEL","MFP","TOT","AGRWTH","A","2016",-0.352279,
"BEL","MFP","TOT","AGRWTH","A","2017",-0.487297,
"BEL","MFP","TOT","AGRWTH","A","2018",-0.11536,
"BEL","MFP","TOT","AGRWTH","A","2019",0.025506,
"CAN","MFP","TOT","AGRWTH","A","1985",0.860197,
"CAN","MFP","TOT","AGRWTH","A","1986",-0.967873,
"CAN","MFP","TOT","AGRWTH","A","1987",0.472711,
"CAN","MFP","TOT","AGRWTH","A","1988",0.713296,
"CAN","MFP","TOT","AGRWTH","A","1989",-0.334406,
"CAN","MFP","TOT","AGRWTH","A","1990",-1.05449,
"CAN","MFP","TOT","AGRWTH","A","1991",-0.892991,
"CAN","MFP","TOT","AGRWTH","A","1992",1.029575,
"CAN","MFP","TOT","AGRWTH","A","1993",1.529655,
"CAN","MFP","TOT","AGRWTH","A","1994",1.855089,
"CAN","MFP","TOT","AGRWTH","A","1995",0.824629,
"CAN","MFP","TOT","AGRWTH","A","1996",-0.576666,
"CAN","MFP","TOT","AGRWTH","A","1997",1.391689,
"CAN","MFP","TOT","AGRWTH","A","1998",1.197075,
"CAN","MFP","TOT","AGRWTH","A","1999",1.980339,
"CAN","MFP","TOT","AGRWTH","A","2000",2.392747,
"CAN","MFP","TOT","AGRWTH","A","2001",0.480261,
"CAN","MFP","TOT","AGRWTH","A","2002",1.091324,
"CAN","MFP","TOT","AGRWTH","A","2003",-0.288754,
"CAN","MFP","TOT","AGRWTH","A","2004",0.354179,
"CAN","MFP","TOT","AGRWTH","A","2005",1.199087,
"CAN","MFP","TOT","AGRWTH","A","2006",0.203752,
"CAN","MFP","TOT","AGRWTH","A","2007",-0.668129,
"CAN","MFP","TOT","AGRWTH","A","2008",-1.019256,
"CAN","MFP","TOT","AGRWTH","A","2009",-0.97091,
"CAN","MFP","TOT","AGRWTH","A","2010",0.801636,
"CAN","MFP","TOT","AGRWTH","A","2011",1.237158,
"CAN","MFP","TOT","AGRWTH","A","2012",-0.192821,
"CAN","MFP","TOT","AGRWTH","A","2013",0.848574,
"CAN","MFP","TOT","AGRWTH","A","2014",1.925016,
"CAN","MFP","TOT","AGRWTH","A","2015",-0.527337,
"CAN","MFP","TOT","AGRWTH","A","2016",0.160885,
"CAN","MFP","TOT","AGRWTH","A","2017",1.706978,
"CAN","MFP","TOT","AGRWTH","A","2018",0.476865,
"CAN","MFP","TOT","AGRWTH","A","2019",0.589113,
"DNK","MFP","TOT","AGRWTH","A","1985",1.448915,
"DNK","MFP","TOT","AGRWTH","A","1986",1.227657,
"DNK","MFP","TOT","AGRWTH","A","1987",-0.067698,
"DNK","MFP","TOT","AGRWTH","A","1988",0.114219,
"DNK","MFP","TOT","AGRWTH","A","1989",0.277491,
"DNK","MFP","TOT","AGRWTH","A","1990",1.197679,
"DNK","MFP","TOT","AGRWTH","A","1991",1.013523,
"DNK","MFP","TOT","AGRWTH","A","1992",0.710689,
"DNK","MFP","TOT","AGRWTH","A","1993",0.361409,
"DNK","MFP","TOT","AGRWTH","A","1994",4.763626,
"DNK","MFP","TOT","AGRWTH","A","1995",0.655058,
"DNK","MFP","TOT","AGRWTH","A","1996",1.21424,
"DNK","MFP","TOT","AGRWTH","A","1997",-0.079896,
"DNK","MFP","TOT","AGRWTH","A","1998",-1.009245,
"DNK","MFP","TOT","AGRWTH","A","1999",0.11525,
"DNK","MFP","TOT","AGRWTH","A","2000",1.330472,
"DNK","MFP","TOT","AGRWTH","A","2001",-1.23327,
"DNK","MFP","TOT","AGRWTH","A","2002",-0.408016,
"DNK","MFP","TOT","AGRWTH","A","2003",0.298852,
"DNK","MFP","TOT","AGRWTH","A","2004",1.993973,
"DNK","MFP","TOT","AGRWTH","A","2005",0.696065,
"DNK","MFP","TOT","AGRWTH","A","2006",0.810639,
"DNK","MFP","TOT","AGRWTH","A","2007",-0.685672,
"DNK","MFP","TOT","AGRWTH","A","2008",-2.24219,
"DNK","MFP","TOT","AGRWTH","A","2009",-2.866504,
"DNK","MFP","TOT","AGRWTH","A","2010",2.621928,
"DNK","MFP","TOT","AGRWTH","A","2011",0.268673,
"DNK","MFP","TOT","AGRWTH","A","2012",0.982382,
"DNK","MFP","TOT","AGRWTH","A","2013",0.401348,
"DNK","MFP","TOT","AGRWTH","A","2014",1.125861,
"DNK","MFP","TOT","AGRWTH","A","2015",1.18185,
"DNK","MFP","TOT","AGRWTH","A","2016",1.096554,
"DNK","MFP","TOT","AGRWTH","A","2017",1.478855,
"DNK","MFP","TOT","AGRWTH","A","2018",1.567221,
"DNK","MFP","TOT","AGRWTH","A","2019",1.383557,
"FIN","MFP","TOT","AGRWTH","A","1985",2.27353,
"FIN","MFP","TOT","AGRWTH","A","1986",2.613314,
"FIN","MFP","TOT","AGRWTH","A","1987",1.264511,
"FIN","MFP","TOT","AGRWTH","A","1988",3.368992,
"FIN","MFP","TOT","AGRWTH","A","1989",2.649868,
"FIN","MFP","TOT","AGRWTH","A","1990",0.569235,
"FIN","MFP","TOT","AGRWTH","A","1991",-2.110905,
"FIN","MFP","TOT","AGRWTH","A","1992",0.847176,
"FIN","MFP","TOT","AGRWTH","A","1993",3.131766,
"FIN","MFP","TOT","AGRWTH","A","1994",3.943778,
"FIN","MFP","TOT","AGRWTH","A","1995",1.894509,
"FIN","MFP","TOT","AGRWTH","A","1996",1.934681,
"FIN","MFP","TOT","AGRWTH","A","1997",3.213846,
"FIN","MFP","TOT","AGRWTH","A","1998",3.439632,
"FIN","MFP","TOT","AGRWTH","A","1999",1.91664,
"FIN","MFP","TOT","AGRWTH","A","2000",3.734116,
"FIN","MFP","TOT","AGRWTH","A","2001",1.225384,
"FIN","MFP","TOT","AGRWTH","A","2002",0.539819,
"FIN","MFP","TOT","AGRWTH","A","2003",1.366724,
"FIN","MFP","TOT","AGRWTH","A","2004",2.856865,
"FIN","MFP","TOT","AGRWTH","A","2005",1.44505,
"FIN","MFP","TOT","AGRWTH","A","2006",2.174721,
"FIN","MFP","TOT","AGRWTH","A","2007",2.854598,
"FIN","MFP","TOT","AGRWTH","A","2008",-1.485288,
"FIN","MFP","TOT","AGRWTH","A","2009",-6.121913,
"FIN","MFP","TOT","AGRWTH","A","2010",2.958544,
"FIN","MFP","TOT","AGRWTH","A","2011",1.327895,
"FIN","MFP","TOT","AGRWTH","A","2012",-1.870076,
"FIN","MFP","TOT","AGRWTH","A","2013",-0.156921,
"FIN","MFP","TOT","AGRWTH","A","2014",-0.128427,
"FIN","MFP","TOT","AGRWTH","A","2015",0.616037,
"FIN","MFP","TOT","AGRWTH","A","2016",2.170071,
"FIN","MFP","TOT","AGRWTH","A","2017",2.451941,
"FIN","MFP","TOT","AGRWTH","A","2018",-0.559255,
"FIN","MFP","TOT","AGRWTH","A","2019",-0.039166,
"FRA","MFP","TOT","AGRWTH","A","1985",2.500633,
"FRA","MFP","TOT","AGRWTH","A","1986",1.300588,
"FRA","MFP","TOT","AGRWTH","A","1987",0.396134,
"FRA","MFP","TOT","AGRWTH","A","1988",2.425775,
"FRA","MFP","TOT","AGRWTH","A","1989",2.46192,
"FRA","MFP","TOT","AGRWTH","A","1990",1.203488,
"FRA","MFP","TOT","AGRWTH","A","1991",0.008888,
"FRA","MFP","TOT","AGRWTH","A","1992",1.077727,
"FRA","MFP","TOT","AGRWTH","A","1993",-0.311711,
"FRA","MFP","TOT","AGRWTH","A","1994",1.310426,
"FRA","MFP","TOT","AGRWTH","A","1995",1.565742,
"FRA","MFP","TOT","AGRWTH","A","1996",0.337699,
"FRA","MFP","TOT","AGRWTH","A","1997",0.964785,
"FRA","MFP","TOT","AGRWTH","A","1998",1.726729,
"FRA","MFP","TOT","AGRWTH","A","1999",0.791836,
"FRA","MFP","TOT","AGRWTH","A","2000",1.778101,
"FRA","MFP","TOT","AGRWTH","A","2001",0.74156,
"FRA","MFP","TOT","AGRWTH","A","2002",1.56464,
"FRA","MFP","TOT","AGRWTH","A","2003",-0.1163,
"FRA","MFP","TOT","AGRWTH","A","2004",0.805397,
"FRA","MFP","TOT","AGRWTH","A","2005",0.360297,
"FRA","MFP","TOT","AGRWTH","A","2006",1.693613,
"FRA","MFP","TOT","AGRWTH","A","2007",-0.630568,
"FRA","MFP","TOT","AGRWTH","A","2008",-1.29498,
"FRA","MFP","TOT","AGRWTH","A","2009",-2.001751,
"FRA","MFP","TOT","AGRWTH","A","2010",0.908047,
"FRA","MFP","TOT","AGRWTH","A","2011",0.755023,
"FRA","MFP","TOT","AGRWTH","A","2012",-0.26594,
"FRA","MFP","TOT","AGRWTH","A","2013",0.581438,
"FRA","MFP","TOT","AGRWTH","A","2014",0.418421,
"FRA","MFP","TOT","AGRWTH","A","2015",0.318398,
"FRA","MFP","TOT","AGRWTH","A","2016",-0.110433,
"FRA","MFP","TOT","AGRWTH","A","2017",1.469885,
"FRA","MFP","TOT","AGRWTH","A","2018",0.043905,
"FRA","MFP","TOT","AGRWTH","A","2019",0.092581,
"DEU","MFP","TOT","AGRWTH","A","1985",1.493091,
"DEU","MFP","TOT","AGRWTH","A","1986",0.910222,
"DEU","MFP","TOT","AGRWTH","A","1987",0.623406,
"DEU","MFP","TOT","AGRWTH","A","1988",1.993953,
"DEU","MFP","TOT","AGRWTH","A","1989",2.665757,
"DEU","MFP","TOT","AGRWTH","A","1990",2.917546,
"DEU","MFP","TOT","AGRWTH","A","1991",2.757087,
"DEU","MFP","TOT","AGRWTH","A","1992",1.33924,
"DEU","MFP","TOT","AGRWTH","A","1993",0.442,
"DEU","MFP","TOT","AGRWTH","A","1994",1.843515,
"DEU","MFP","TOT","AGRWTH","A","1995",0.889257,
"DEU","MFP","TOT","AGRWTH","A","1996",0.793174,
"DEU","MFP","TOT","AGRWTH","A","1997",1.597914,
"DEU","MFP","TOT","AGRWTH","A","1998",0.521509,
"DEU","MFP","TOT","AGRWTH","A","1999",0.455311,
"DEU","MFP","TOT","AGRWTH","A","2000",1.598751,
"DEU","MFP","TOT","AGRWTH","A","2001",1.410168,
"DEU","MFP","TOT","AGRWTH","A","2002",0.004025,
"DEU","MFP","TOT","AGRWTH","A","2003",-0.07411,
"DEU","MFP","TOT","AGRWTH","A","2004",0.624704,
"DEU","MFP","TOT","AGRWTH","A","2005",0.891107,
"DEU","MFP","TOT","AGRWTH","A","2006",1.590132,
"DEU","MFP","TOT","AGRWTH","A","2007",1.00861,
"DEU","MFP","TOT","AGRWTH","A","2008",-0.345002,
"DEU","MFP","TOT","AGRWTH","A","2009",-4.066448,
"DEU","MFP","TOT","AGRWTH","A","2010",2.418783,
"DEU","MFP","TOT","AGRWTH","A","2011",2.458946,
"DEU","MFP","TOT","AGRWTH","A","2012",0.228409,
"DEU","MFP","TOT","AGRWTH","A","2013",0.192304,
"DEU","MFP","TOT","AGRWTH","A","2014",1.024525,
"DEU","MFP","TOT","AGRWTH","A","2015",0.382733,
"DEU","MFP","TOT","AGRWTH","A","2016",1.158842,
"DEU","MFP","TOT","AGRWTH","A","2017",1.46882,
"DEU","MFP","TOT","AGRWTH","A","2018",-0.111658,
"DEU","MFP","TOT","AGRWTH","A","2019",-0.332046,
"IRL","MFP","TOT","AGRWTH","A","1985",2.352906,
"IRL","MFP","TOT","AGRWTH","A","1986",-1.809865,
"IRL","MFP","TOT","AGRWTH","A","1987",4.358481,
"IRL","MFP","TOT","AGRWTH","A","1988",4.140923,
"IRL","MFP","TOT","AGRWTH","A","1989",4.779991,
"IRL","MFP","TOT","AGRWTH","A","1990",4.373777,
"IRL","MFP","TOT","AGRWTH","A","1991",2.949316,
"IRL","MFP","TOT","AGRWTH","A","1992",4.04675,
"IRL","MFP","TOT","AGRWTH","A","1993",2.069757,
"IRL","MFP","TOT","AGRWTH","A","1994",2.453446,
"IRL","MFP","TOT","AGRWTH","A","1995",4.726672,
"IRL","MFP","TOT","AGRWTH","A","1996",3.385043,
"IRL","MFP","TOT","AGRWTH","A","1997",6.04282,
"IRL","MFP","TOT","AGRWTH","A","1998",1.568303,
"IRL","MFP","TOT","AGRWTH","A","1999",3.482045,
"IRL","MFP","TOT","AGRWTH","A","2000",4.137547,
"IRL","MFP","TOT","AGRWTH","A","2001",1.314672,
"IRL","MFP","TOT","AGRWTH","A","2002",3.525803,
"IRL","MFP","TOT","AGRWTH","A","2003",0.483169,
"IRL","MFP","TOT","AGRWTH","A","2004",2.678656,
"IRL","MFP","TOT","AGRWTH","A","2005",-0.470847,
"IRL","MFP","TOT","AGRWTH","A","2006",-0.53562,
"IRL","MFP","TOT","AGRWTH","A","2007",0.430884,
"IRL","MFP","TOT","AGRWTH","A","2008",-4.963089,
"IRL","MFP","TOT","AGRWTH","A","2009",0.055319,
"IRL","MFP","TOT","AGRWTH","A","2010",6.716627,
"IRL","MFP","TOT","AGRWTH","A","2011",0.088491,
"IRL","MFP","TOT","AGRWTH","A","2012",-1.319437,
"IRL","MFP","TOT","AGRWTH","A","2013",-2.408371,
"IRL","MFP","TOT","AGRWTH","A","2014",4.124626,
"IRL","MFP","TOT","AGRWTH","A","2016",-4.573837,
"IRL","MFP","TOT","AGRWTH","A","2017",2.813012,
"IRL","MFP","TOT","AGRWTH","A","2018",3.53427,
"IRL","MFP","TOT","AGRWTH","A","2019",-3.238477,
"ITA","MFP","TOT","AGRWTH","A","1985",1.218365,
"ITA","MFP","TOT","AGRWTH","A","1986",0.889817,
"ITA","MFP","TOT","AGRWTH","A","1987",1.05886,
"ITA","MFP","TOT","AGRWTH","A","1988",1.913152,
"ITA","MFP","TOT","AGRWTH","A","1989",2.242571,
"ITA","MFP","TOT","AGRWTH","A","1990",0.131065,
"ITA","MFP","TOT","AGRWTH","A","1991",-0.532198,
"ITA","MFP","TOT","AGRWTH","A","1992",0.411534,
"ITA","MFP","TOT","AGRWTH","A","1993",0.658196,
"ITA","MFP","TOT","AGRWTH","A","1994",3.034863,
"ITA","MFP","TOT","AGRWTH","A","1995",2.193491,
"ITA","MFP","TOT","AGRWTH","A","1996",-0.363995,
"ITA","MFP","TOT","AGRWTH","A","1997",1.004187,
"ITA","MFP","TOT","AGRWTH","A","1998",-0.355058,
"ITA","MFP","TOT","AGRWTH","A","1999",-0.013337,
"ITA","MFP","TOT","AGRWTH","A","2000",2.000671,
"ITA","MFP","TOT","AGRWTH","A","2001",-0.025162,
"ITA","MFP","TOT","AGRWTH","A","2002",-1.532464,
"ITA","MFP","TOT","AGRWTH","A","2003",-1.298904,
"ITA","MFP","TOT","AGRWTH","A","2004",0.266614,
"ITA","MFP","TOT","AGRWTH","A","2005",-0.14439,
"ITA","MFP","TOT","AGRWTH","A","2006",-0.373086,
"ITA","MFP","TOT","AGRWTH","A","2007",-0.375954,
"ITA","MFP","TOT","AGRWTH","A","2008",-1.26867,
"ITA","MFP","TOT","AGRWTH","A","2009",-3.299072,
"ITA","MFP","TOT","AGRWTH","A","2010",1.749616,
"ITA","MFP","TOT","AGRWTH","A","2011",0.40899,
"ITA","MFP","TOT","AGRWTH","A","2012",-1.393529,
"ITA","MFP","TOT","AGRWTH","A","2013",-0.009998,
"ITA","MFP","TOT","AGRWTH","A","2014",0.061097,
"ITA","MFP","TOT","AGRWTH","A","2015",0.245728,
"ITA","MFP","TOT","AGRWTH","A","2016",0.059432,
"ITA","MFP","TOT","AGRWTH","A","2017",0.826094,
"ITA","MFP","TOT","AGRWTH","A","2018",0.168102,
"ITA","MFP","TOT","AGRWTH","A","2019",0.020908,
"JPN","MFP","TOT","AGRWTH","A","1985",3.518659,
"JPN","MFP","TOT","AGRWTH","A","1986",1.0761,
"JPN","MFP","TOT","AGRWTH","A","1987",2.718309,
"JPN","MFP","TOT","AGRWTH","A","1988",4.027267,
"JPN","MFP","TOT","AGRWTH","A","1989",2.550765,
"JPN","MFP","TOT","AGRWTH","A","1990",3.047275,
"JPN","MFP","TOT","AGRWTH","A","1991",1.182381,
"JPN","MFP","TOT","AGRWTH","A","1992",-0.398134,
"JPN","MFP","TOT","AGRWTH","A","1993",0.071672,
"JPN","MFP","TOT","AGRWTH","A","1994",0.02195,
"JPN","MFP","TOT","AGRWTH","A","1995",1.759577,
"JPN","MFP","TOT","AGRWTH","A","1996",1.297948,
"JPN","MFP","TOT","AGRWTH","A","1997",0.203932,
"JPN","MFP","TOT","AGRWTH","A","1998",-0.677567,
"JPN","MFP","TOT","AGRWTH","A","1999",0.752543,
"JPN","MFP","TOT","AGRWTH","A","2000",1.730698,
"JPN","MFP","TOT","AGRWTH","A","2001",0.13432,
"JPN","MFP","TOT","AGRWTH","A","2002",0.611344,
"JPN","MFP","TOT","AGRWTH","A","2003",0.805701,
"JPN","MFP","TOT","AGRWTH","A","2004",1.673244,
"JPN","MFP","TOT","AGRWTH","A","2005",0.955537,
"JPN","MFP","TOT","AGRWTH","A","2006",0.000715,
"JPN","MFP","TOT","AGRWTH","A","2007",0.487281,
"JPN","MFP","TOT","AGRWTH","A","2008",-0.880776,
"JPN","MFP","TOT","AGRWTH","A","2009",-2.605201,
"JPN","MFP","TOT","AGRWTH","A","2010",3.435832,
"JPN","MFP","TOT","AGRWTH","A","2011",0.084053,
"JPN","MFP","TOT","AGRWTH","A","2012",1.001506,
"JPN","MFP","TOT","AGRWTH","A","2013",1.857055,
"JPN","MFP","TOT","AGRWTH","A","2014",-0.050776,
"JPN","MFP","TOT","AGRWTH","A","2015",1.051796,
"JPN","MFP","TOT","AGRWTH","A","2016",-0.114619,
"JPN","MFP","TOT","AGRWTH","A","2017",1.469445,
"JPN","MFP","TOT","AGRWTH","A","2018",0.15915,
"KOR","MFP","TOT","AGRWTH","A","1990",5.758223,
"KOR","MFP","TOT","AGRWTH","A","1991",5.508115,
"KOR","MFP","TOT","AGRWTH","A","1992",2.524846,
"KOR","MFP","TOT","AGRWTH","A","1993",2.746955,
"KOR","MFP","TOT","AGRWTH","A","1994",4.022437,
"KOR","MFP","TOT","AGRWTH","A","1995",3.853106,
"KOR","MFP","TOT","AGRWTH","A","1996",3.47542,
"KOR","MFP","TOT","AGRWTH","A","1997",3.895361,
"KOR","MFP","TOT","AGRWTH","A","1998",0.81323,
"KOR","MFP","TOT","AGRWTH","A","1999",7.300098,
"KOR","MFP","TOT","AGRWTH","A","2000",2.469372,
"KOR","MFP","TOT","AGRWTH","A","2001",1.527291,
"KOR","MFP","TOT","AGRWTH","A","2002",4.675319,
"KOR","MFP","TOT","AGRWTH","A","2003",2.476032,
"KOR","MFP","TOT","AGRWTH","A","2004",3.087111,
"KOR","MFP","TOT","AGRWTH","A","2005",3.078061,
"KOR","MFP","TOT","AGRWTH","A","2006",2.955593,
"KOR","MFP","TOT","AGRWTH","A","2007",4.53025,
"KOR","MFP","TOT","AGRWTH","A","2008",3.532458,
"KOR","MFP","TOT","AGRWTH","A","2009",1.565408,
"KOR","MFP","TOT","AGRWTH","A","2010",4.650174,
"KOR","MFP","TOT","AGRWTH","A","2011",1.646303,
"KOR","MFP","TOT","AGRWTH","A","2012",0.273447,
"KOR","MFP","TOT","AGRWTH","A","2013",1.143253,
"KOR","MFP","TOT","AGRWTH","A","2014",1.17908,
"KOR","MFP","TOT","AGRWTH","A","2015",0.46,
"KOR","MFP","TOT","AGRWTH","A","2016",1.513196,
"KOR","MFP","TOT","AGRWTH","A","2017",2.587686,
"KOR","MFP","TOT","AGRWTH","A","2018",2.289997,
"KOR","MFP","TOT","AGRWTH","A","2019",1.064117,
"NLD","MFP","TOT","AGRWTH","A","1985",1.089421,
"NLD","MFP","TOT","AGRWTH","A","1986",0.772322,
"NLD","MFP","TOT","AGRWTH","A","1987",0.486593,
"NLD","MFP","TOT","AGRWTH","A","1988",1.334974,
"NLD","MFP","TOT","AGRWTH","A","1989",1.618937,
"NLD","MFP","TOT","AGRWTH","A","1990",1.077968,
"NLD","MFP","TOT","AGRWTH","A","1991",0.537605,
"NLD","MFP","TOT","AGRWTH","A","1992",-0.546209,
"NLD","MFP","TOT","AGRWTH","A","1993",0.81858,
"NLD","MFP","TOT","AGRWTH","A","1994",1.469131,
"NLD","MFP","TOT","AGRWTH","A","1995",-0.870341,
"NLD","MFP","TOT","AGRWTH","A","1996",0.437318,
"NLD","MFP","TOT","AGRWTH","A","1997",1.848151,
"NLD","MFP","TOT","AGRWTH","A","1998",1.825401,
"NLD","MFP","TOT","AGRWTH","A","1999",1.53963,
"NLD","MFP","TOT","AGRWTH","A","2000",2.231453,
"NLD","MFP","TOT","AGRWTH","A","2001",0.33339,
"NLD","MFP","TOT","AGRWTH","A","2002",-0.0835,
"NLD","MFP","TOT","AGRWTH","A","2003",0.426012,
"NLD","MFP","TOT","AGRWTH","A","2004",1.191913,
"NLD","MFP","TOT","AGRWTH","A","2005",1.612151,
"NLD","MFP","TOT","AGRWTH","A","2006",1.166107,
"NLD","MFP","TOT","AGRWTH","A","2007",0.278828,
"NLD","MFP","TOT","AGRWTH","A","2008",0.143651,
"NLD","MFP","TOT","AGRWTH","A","2009",-3.15651,
"NLD","MFP","TOT","AGRWTH","A","2010",1.458404,
"NLD","MFP","TOT","AGRWTH","A","2011",0.398501,
"NLD","MFP","TOT","AGRWTH","A","2012",-0.787324,
"NLD","MFP","TOT","AGRWTH","A","2013",-0.046401,
"NLD","MFP","TOT","AGRWTH","A","2014",0.621138,
"NLD","MFP","TOT","AGRWTH","A","2015",-0.234591,
"NLD","MFP","TOT","AGRWTH","A","2016",0.07371,
"NLD","MFP","TOT","AGRWTH","A","2017",0.842834,
"NLD","MFP","TOT","AGRWTH","A","2018",0.178544,
"NLD","MFP","TOT","AGRWTH","A","2019",-0.280704,
"NZL","MFP","TOT","AGRWTH","A","1987",-0.29224,
"NZL","MFP","TOT","AGRWTH","A","1988",2.997376,
"NZL","MFP","TOT","AGRWTH","A","1989",1.714787,
"NZL","MFP","TOT","AGRWTH","A","1990",1.467153,
"NZL","MFP","TOT","AGRWTH","A","1991",-2.150581,
"NZL","MFP","TOT","AGRWTH","A","1992",2.448934,
"NZL","MFP","TOT","AGRWTH","A","1993",2.979691,
"NZL","MFP","TOT","AGRWTH","A","1994",0.824585,
"NZL","MFP","TOT","AGRWTH","A","1995",0.867516,
"NZL","MFP","TOT","AGRWTH","A","1996",0.067663,
"NZL","MFP","TOT","AGRWTH","A","1997",1.938148,
"NZL","MFP","TOT","AGRWTH","A","1998",-1.982431,
"NZL","MFP","TOT","AGRWTH","A","1999",0.987834,
"NZL","MFP","TOT","AGRWTH","A","2000",1.431676,
"NZL","MFP","TOT","AGRWTH","A","2001",0.993032,
"NZL","MFP","TOT","AGRWTH","A","2002",1.566122,
"NZL","MFP","TOT","AGRWTH","A","2003",1.01362,
"NZL","MFP","TOT","AGRWTH","A","2004",-1.043088,
"NZL","MFP","TOT","AGRWTH","A","2005",-0.917068,
"NZL","MFP","TOT","AGRWTH","A","2006",0.252002,
"NZL","MFP","TOT","AGRWTH","A","2007",2.400429,
"NZL","MFP","TOT","AGRWTH","A","2008",-4.076815,
"NZL","MFP","TOT","AGRWTH","A","2009",3.309507,
"NZL","MFP","TOT","AGRWTH","A","2010",-1.404419,
"NZL","MFP","TOT","AGRWTH","A","2011",1.099085,
"NZL","MFP","TOT","AGRWTH","A","2012",2.205153,
"NZL","MFP","TOT","AGRWTH","A","2013",-1.949298,
"NZL","MFP","TOT","AGRWTH","A","2014",0.000825,
"NZL","MFP","TOT","AGRWTH","A","2015",2.194907,
"NZL","MFP","TOT","AGRWTH","A","2016",-0.303374,
"NZL","MFP","TOT","AGRWTH","A","2017",0.200037,
"NZL","MFP","TOT","AGRWTH","A","2018",0.593685,
"NZL","MFP","TOT","AGRWTH","A","2019",-1.852303,
"PRT","MFP","TOT","AGRWTH","A","1985",3.038344,
"PRT","MFP","TOT","AGRWTH","A","1986",3.942169,
"PRT","MFP","TOT","AGRWTH","A","1987",3.078422,
"PRT","MFP","TOT","AGRWTH","A","1988",4.640986,
"PRT","MFP","TOT","AGRWTH","A","1989",3.065399,
"PRT","MFP","TOT","AGRWTH","A","1990",1.627049,
"PRT","MFP","TOT","AGRWTH","A","1991",3.511225,
"PRT","MFP","TOT","AGRWTH","A","1992",1.485396,
"PRT","MFP","TOT","AGRWTH","A","1993",-1.619708,
"PRT","MFP","TOT","AGRWTH","A","1994",-0.407683,
"PRT","MFP","TOT","AGRWTH","A","1995",1.00288,
"PRT","MFP","TOT","AGRWTH","A","1996",0.973586,
"PRT","MFP","TOT","AGRWTH","A","1997",1.093441,
"PRT","MFP","TOT","AGRWTH","A","1998",0.179851,
"PRT","MFP","TOT","AGRWTH","A","1999",0.71963,
"PRT","MFP","TOT","AGRWTH","A","2000",-0.131058,
"PRT","MFP","TOT","AGRWTH","A","2001",-0.45935,
"PRT","MFP","TOT","AGRWTH","A","2002",-0.748007,
"PRT","MFP","TOT","AGRWTH","A","2003",-1.179664,
"PRT","MFP","TOT","AGRWTH","A","2004",0.81354,
"PRT","MFP","TOT","AGRWTH","A","2005",-0.128312,
"PRT","MFP","TOT","AGRWTH","A","2006",0.653735,
"PRT","MFP","TOT","AGRWTH","A","2007",0.554552,
"PRT","MFP","TOT","AGRWTH","A","2008",-0.739126,
"PRT","MFP","TOT","AGRWTH","A","2009",-2.198509,
"PRT","MFP","TOT","AGRWTH","A","2010",1.603572,
"PRT","MFP","TOT","AGRWTH","A","2011",-0.105054,
"PRT","MFP","TOT","AGRWTH","A","2012",-0.919914,
"PRT","MFP","TOT","AGRWTH","A","2013",0.477567,
"PRT","MFP","TOT","AGRWTH","A","2014",-0.674008,
"PRT","MFP","TOT","AGRWTH","A","2015",0.258134,
"PRT","MFP","TOT","AGRWTH","A","2016",0.376311,
"PRT","MFP","TOT","AGRWTH","A","2017",1.05357,
"PRT","MFP","TOT","AGRWTH","A","2018",0.686454,
"ESP","MFP","TOT","AGRWTH","A","1985",2.822577,
"ESP","MFP","TOT","AGRWTH","A","1986",1.010159,
"ESP","MFP","TOT","AGRWTH","A","1987",1.175375,
"ESP","MFP","TOT","AGRWTH","A","1988",1.285905,
"ESP","MFP","TOT","AGRWTH","A","1989",1.052796,
"ESP","MFP","TOT","AGRWTH","A","1990",-0.63297,
"ESP","MFP","TOT","AGRWTH","A","1991",-0.117511,
"ESP","MFP","TOT","AGRWTH","A","1992",1.241222,
"ESP","MFP","TOT","AGRWTH","A","1993",0.803708,
"ESP","MFP","TOT","AGRWTH","A","1994",1.990353,
"ESP","MFP","TOT","AGRWTH","A","1995",0.353665,
"ESP","MFP","TOT","AGRWTH","A","1996",0.507035,
"ESP","MFP","TOT","AGRWTH","A","1997",-0.337151,
"ESP","MFP","TOT","AGRWTH","A","1998",-0.598719,
"ESP","MFP","TOT","AGRWTH","A","1999",-0.630474,
"ESP","MFP","TOT","AGRWTH","A","2000",0.192361,
"ESP","MFP","TOT","AGRWTH","A","2001",-0.271835,
"ESP","MFP","TOT","AGRWTH","A","2002",-0.468817,
"ESP","MFP","TOT","AGRWTH","A","2003",-0.350927,
"ESP","MFP","TOT","AGRWTH","A","2004",-0.302481,
"ESP","MFP","TOT","AGRWTH","A","2005",-0.158776,
"ESP","MFP","TOT","AGRWTH","A","2006",0.010242,
"ESP","MFP","TOT","AGRWTH","A","2007",0.212288,
"ESP","MFP","TOT","AGRWTH","A","2008",-0.957396,
"ESP","MFP","TOT","AGRWTH","A","2009",-0.221375,
"ESP","MFP","TOT","AGRWTH","A","2010",0.911959,
"ESP","MFP","TOT","AGRWTH","A","2011",0.00511,
"ESP","MFP","TOT","AGRWTH","A","2012",-0.248086,
"ESP","MFP","TOT","AGRWTH","A","2013",0.015613,
"ESP","MFP","TOT","AGRWTH","A","2014",0.168005,
"ESP","MFP","TOT","AGRWTH","A","2015",1.146579,
"ESP","MFP","TOT","AGRWTH","A","2016",0.655356,
"ESP","MFP","TOT","AGRWTH","A","2017",0.855921,
"ESP","MFP","TOT","AGRWTH","A","2018",-0.172629,
"SWE","MFP","TOT","AGRWTH","A","1985",-0.312209,
"SWE","MFP","TOT","AGRWTH","A","1986",0.873779,
"SWE","MFP","TOT","AGRWTH","A","1987",0.75131,
"SWE","MFP","TOT","AGRWTH","A","1988",-0.896249,
"SWE","MFP","TOT","AGRWTH","A","1989",-0.168858,
"SWE","MFP","TOT","AGRWTH","A","1990",-1.275513,
"SWE","MFP","TOT","AGRWTH","A","1991",-0.704923,
"SWE","MFP","TOT","AGRWTH","A","1992",0.294386,
"SWE","MFP","TOT","AGRWTH","A","1993",0.016324,
"SWE","MFP","TOT","AGRWTH","A","1994",1.974259,
"SWE","MFP","TOT","AGRWTH","A","1995",1.371082,
"SWE","MFP","TOT","AGRWTH","A","1996",0.357685,
"SWE","MFP","TOT","AGRWTH","A","1997",2.50166,
"SWE","MFP","TOT","AGRWTH","A","1998",1.529541,
"SWE","MFP","TOT","AGRWTH","A","1999",0.588245,
"SWE","MFP","TOT","AGRWTH","A","2000",2.014251,
"SWE","MFP","TOT","AGRWTH","A","2001",-0.513045,
"SWE","MFP","TOT","AGRWTH","A","2002",2.053392,
"SWE","MFP","TOT","AGRWTH","A","2003",2.138006,
"SWE","MFP","TOT","AGRWTH","A","2004",2.586398,
"SWE","MFP","TOT","AGRWTH","A","2005",1.577067,
"SWE","MFP","TOT","AGRWTH","A","2006",2.108329,
"SWE","MFP","TOT","AGRWTH","A","2007",0.003878,
"SWE","MFP","TOT","AGRWTH","A","2008",-2.549956,
"SWE","MFP","TOT","AGRWTH","A","2009",-2.857364,
"SWE","MFP","TOT","AGRWTH","A","2010",3.563689,
"SWE","MFP","TOT","AGRWTH","A","2011",0.754074,
"SWE","MFP","TOT","AGRWTH","A","2012",-1.242577,
"SWE","MFP","TOT","AGRWTH","A","2013",0.28799,
"SWE","MFP","TOT","AGRWTH","A","2014",0.866567,
"SWE","MFP","TOT","AGRWTH","A","2015",2.302878,
"SWE","MFP","TOT","AGRWTH","A","2016",-0.733147,
"SWE","MFP","TOT","AGRWTH","A","2017",0.210724,
"SWE","MFP","TOT","AGRWTH","A","2018",-0.125485,
"SWE","MFP","TOT","AGRWTH","A","2019",1.144066,
"CHE","MFP","TOT","AGRWTH","A","1992",-0.675511,
"CHE","MFP","TOT","AGRWTH","A","1993",-0.507501,
"CHE","MFP","TOT","AGRWTH","A","1994",-0.176217,
"CHE","MFP","TOT","AGRWTH","A","1995",0.173289,
"CHE","MFP","TOT","AGRWTH","A","1996",0.509848,
"CHE","MFP","TOT","AGRWTH","A","1997",1.501076,
"CHE","MFP","TOT","AGRWTH","A","1998",0.245532,
"CHE","MFP","TOT","AGRWTH","A","1999",-1.338154,
"CHE","MFP","TOT","AGRWTH","A","2000",1.895243,
"CHE","MFP","TOT","AGRWTH","A","2001",0.722435,
"CHE","MFP","TOT","AGRWTH","A","2002",-0.836803,
"CHE","MFP","TOT","AGRWTH","A","2003",-1.301087,
"CHE","MFP","TOT","AGRWTH","A","2004",0.3245,
"CHE","MFP","TOT","AGRWTH","A","2005",1.549601,
"CHE","MFP","TOT","AGRWTH","A","2006",1.702533,
"CHE","MFP","TOT","AGRWTH","A","2007",1.177853,
"CHE","MFP","TOT","AGRWTH","A","2008",0.164561,
"CHE","MFP","TOT","AGRWTH","A","2009",-2.935742,
"CHE","MFP","TOT","AGRWTH","A","2010",2.088214,
"CHE","MFP","TOT","AGRWTH","A","2011",-0.362252,
"CHE","MFP","TOT","AGRWTH","A","2012",-0.138708,
"CHE","MFP","TOT","AGRWTH","A","2013",1.092265,
"CHE","MFP","TOT","AGRWTH","A","2014",0.76312,
"CHE","MFP","TOT","AGRWTH","A","2015",-0.726495,
"CHE","MFP","TOT","AGRWTH","A","2016",0.36629,
"CHE","MFP","TOT","AGRWTH","A","2017",1.138162,
"CHE","MFP","TOT","AGRWTH","A","2018",2.124328,
"CHE","MFP","TOT","AGRWTH","A","2019",0.144989,
"GBR","MFP","TOT","AGRWTH","A","1985",0.926271,
"GBR","MFP","TOT","AGRWTH","A","1986",1.806745,
"GBR","MFP","TOT","AGRWTH","A","1987",2.933735,
"GBR","MFP","TOT","AGRWTH","A","1988",-0.154372,
"GBR","MFP","TOT","AGRWTH","A","1989",-0.591687,
"GBR","MFP","TOT","AGRWTH","A","1990",-0.661702,
"GBR","MFP","TOT","AGRWTH","A","1991",-0.433731,
"GBR","MFP","TOT","AGRWTH","A","1992",1.780253,
"GBR","MFP","TOT","AGRWTH","A","1993",1.953775,
"GBR","MFP","TOT","AGRWTH","A","1994",1.394385,
"GBR","MFP","TOT","AGRWTH","A","1995",0.121159,
"GBR","MFP","TOT","AGRWTH","A","1996",0.679943,
"GBR","MFP","TOT","AGRWTH","A","1997",4.255506,
"GBR","MFP","TOT","AGRWTH","A","1998",1.752895,
"GBR","MFP","TOT","AGRWTH","A","1999",2.101345,
"GBR","MFP","TOT","AGRWTH","A","2000",2.412052,
"GBR","MFP","TOT","AGRWTH","A","2001",1.392563,
"GBR","MFP","TOT","AGRWTH","A","2002",1.693704,
"GBR","MFP","TOT","AGRWTH","A","2003",2.465064,
"GBR","MFP","TOT","AGRWTH","A","2004",1.568106,
"GBR","MFP","TOT","AGRWTH","A","2005",0.628398,
"GBR","MFP","TOT","AGRWTH","A","2006",1.546907,
"GBR","MFP","TOT","AGRWTH","A","2007",0.954022,
"GBR","MFP","TOT","AGRWTH","A","2008",-0.487767,
"GBR","MFP","TOT","AGRWTH","A","2009",-3.165323,
"GBR","MFP","TOT","AGRWTH","A","2010",1.791633,
"GBR","MFP","TOT","AGRWTH","A","2011",-0.264554,
"GBR","MFP","TOT","AGRWTH","A","2012",-0.650508,
"GBR","MFP","TOT","AGRWTH","A","2013",0.28499,
"GBR","MFP","TOT","AGRWTH","A","2014",0.124287,
"GBR","MFP","TOT","AGRWTH","A","2015",1.248804,
"GBR","MFP","TOT","AGRWTH","A","2016",-0.746623,
"GBR","MFP","TOT","AGRWTH","A","2017",0.45092,
"GBR","MFP","TOT","AGRWTH","A","2018",0.037066,
"GBR","MFP","TOT","AGRWTH","A","2019",-0.263643,
"USA","MFP","TOT","AGRWTH","A","1985",0.975117,
"USA","MFP","TOT","AGRWTH","A","1986",1.238235,
"USA","MFP","TOT","AGRWTH","A","1987",0.228709,
"USA","MFP","TOT","AGRWTH","A","1988",0.786666,
"USA","MFP","TOT","AGRWTH","A","1989",0.435465,
"USA","MFP","TOT","AGRWTH","A","1990",0.666497,
"USA","MFP","TOT","AGRWTH","A","1991",0.031029,
"USA","MFP","TOT","AGRWTH","A","1992",2.561178,
"USA","MFP","TOT","AGRWTH","A","1993",0.162518,
"USA","MFP","TOT","AGRWTH","A","1994",0.790809,
"USA","MFP","TOT","AGRWTH","A","1995",-0.129058,
"USA","MFP","TOT","AGRWTH","A","1996",1.665216,
"USA","MFP","TOT","AGRWTH","A","1997",0.859605,
"USA","MFP","TOT","AGRWTH","A","1998",1.312185,
"USA","MFP","TOT","AGRWTH","A","1999",1.747057,
"USA","MFP","TOT","AGRWTH","A","2000",1.552226,
"USA","MFP","TOT","AGRWTH","A","2001",0.749249,
"USA","MFP","TOT","AGRWTH","A","2002",1.661067,
"USA","MFP","TOT","AGRWTH","A","2003",2.188375,
"USA","MFP","TOT","AGRWTH","A","2004",1.939881,
"USA","MFP","TOT","AGRWTH","A","2005",1.448781,
"USA","MFP","TOT","AGRWTH","A","2006",0.396812,
"USA","MFP","TOT","AGRWTH","A","2007",0.381816,
"USA","MFP","TOT","AGRWTH","A","2008",-0.160546,
"USA","MFP","TOT","AGRWTH","A","2009",1.148236,
"USA","MFP","TOT","AGRWTH","A","2010",1.869064,
"USA","MFP","TOT","AGRWTH","A","2011",-0.216772,
"USA","MFP","TOT","AGRWTH","A","2012",0.120481,
"USA","MFP","TOT","AGRWTH","A","2013",0.075195,
"USA","MFP","TOT","AGRWTH","A","2014",0.343484,
"USA","MFP","TOT","AGRWTH","A","2015",0.832508,
"USA","MFP","TOT","AGRWTH","A","2016",0.055824,
"USA","MFP","TOT","AGRWTH","A","2017",0.690701,
"USA","MFP","TOT","AGRWTH","A","2018",0.864962,
"USA","MFP","TOT","AGRWTH","A","2019",0.741858,
"GRC","MFP","TOT","AGRWTH","A","1990",-0.746807,
"GRC","MFP","TOT","AGRWTH","A","1991",2.687667,
"GRC","MFP","TOT","AGRWTH","A","1992",-1.99606,
"GRC","MFP","TOT","AGRWTH","A","1993",-3.535831,
"GRC","MFP","TOT","AGRWTH","A","1994",1.181266,
"GRC","MFP","TOT","AGRWTH","A","1995",1.362999,
"GRC","MFP","TOT","AGRWTH","A","1996",2.340591,
"GRC","MFP","TOT","AGRWTH","A","1997",3.623319,
"GRC","MFP","TOT","AGRWTH","A","1998",-1.020507,
"GRC","MFP","TOT","AGRWTH","A","1999",1.522954,
"GRC","MFP","TOT","AGRWTH","A","2000",1.763869,
"GRC","MFP","TOT","AGRWTH","A","2001",2.244093,
"GRC","MFP","TOT","AGRWTH","A","2002",0.69567,
"GRC","MFP","TOT","AGRWTH","A","2003",2.920524,
"GRC","MFP","TOT","AGRWTH","A","2004",1.988168,
"GRC","MFP","TOT","AGRWTH","A","2005",-3.055389,
"GRC","MFP","TOT","AGRWTH","A","2006",3.067464,
"GRC","MFP","TOT","AGRWTH","A","2007",0.952257,
"GRC","MFP","TOT","AGRWTH","A","2008",-2.657721,
"GRC","MFP","TOT","AGRWTH","A","2009",-4.2508,
"GRC","MFP","TOT","AGRWTH","A","2010",-2.377777,
"GRC","MFP","TOT","AGRWTH","A","2011",-8.190217,
"GRC","MFP","TOT","AGRWTH","A","2012",-4.673156,
"GRC","MFP","TOT","AGRWTH","A","2013",-1.630706,
"GRC","MFP","TOT","AGRWTH","A","2014",0.761586,
"GRC","MFP","TOT","AGRWTH","A","2015",2.256652,
"GRC","MFP","TOT","AGRWTH","A","2016",-1.981677,
"GRC","MFP","TOT","AGRWTH","A","2017",1.634778,
"GRC","MFP","TOT","AGRWTH","A","2018",1.001182,
"GRC","MFP","TOT","AGRWTH","A","2019",1.577618,
"LUX","MFP","TOT","AGRWTH","A","1996",-1.868623,
"LUX","MFP","TOT","AGRWTH","A","1997",1.798223,
"LUX","MFP","TOT","AGRWTH","A","1998",1.35879,
"LUX","MFP","TOT","AGRWTH","A","1999",2.719349,
"LUX","MFP","TOT","AGRWTH","A","2000",1.722145,
"LUX","MFP","TOT","AGRWTH","A","2001",-2.648647,
"LUX","MFP","TOT","AGRWTH","A","2002",0.670815,
"LUX","MFP","TOT","AGRWTH","A","2003",-0.70063,
"LUX","MFP","TOT","AGRWTH","A","2004",0.740564,
"LUX","MFP","TOT","AGRWTH","A","2005",1.60187,
"LUX","MFP","TOT","AGRWTH","A","2006",1.319272,
"LUX","MFP","TOT","AGRWTH","A","2007",2.817414,
"LUX","MFP","TOT","AGRWTH","A","2008",-6.172016,
"LUX","MFP","TOT","AGRWTH","A","2009",-3.414798,
"LUX","MFP","TOT","AGRWTH","A","2010",2.421046,
"LUX","MFP","TOT","AGRWTH","A","2011",-0.715668,
"LUX","MFP","TOT","AGRWTH","A","2012",-3.119816,
"LUX","MFP","TOT","AGRWTH","A","2013",1.25727,
"LUX","MFP","TOT","AGRWTH","A","2014",0.685078,
"LUX","MFP","TOT","AGRWTH","A","2015",0.835408,
"LUX","MFP","TOT","AGRWTH","A","2016",1.341044,
"LUX","MFP","TOT","AGRWTH","A","2017",-1.391349,
"LUX","MFP","TOT","AGRWTH","A","2018",-0.416267,
"NOR","MFP","TOT","AGRWTH","A","1990",2.578816,
"NOR","MFP","TOT","AGRWTH","A","1991",3.536783,
"NOR","MFP","TOT","AGRWTH","A","1992",3.118109,
"NOR","MFP","TOT","AGRWTH","A","1993",2.315927,
"NOR","MFP","TOT","AGRWTH","A","1994",3.784186,
"NOR","MFP","TOT","AGRWTH","A","1995",3.036796,
"NOR","MFP","TOT","AGRWTH","A","1996",3.05978,
"NOR","MFP","TOT","AGRWTH","A","1997",2.195207,
"NOR","MFP","TOT","AGRWTH","A","1998",-0.622287,
"NOR","MFP","TOT","AGRWTH","A","1999",0.105837,
"NOR","MFP","TOT","AGRWTH","A","2000",2.497349,
"NOR","MFP","TOT","AGRWTH","A","2001",2.110438,
"NOR","MFP","TOT","AGRWTH","A","2002",1.674073,
"NOR","MFP","TOT","AGRWTH","A","2003",2.063656,
"NOR","MFP","TOT","AGRWTH","A","2004",1.795768,
"NOR","MFP","TOT","AGRWTH","A","2005",0.7178,
"NOR","MFP","TOT","AGRWTH","A","2006",-0.80529,
"NOR","MFP","TOT","AGRWTH","A","2007",-1.607128,
"NOR","MFP","TOT","AGRWTH","A","2008",-3.505066,
"NOR","MFP","TOT","AGRWTH","A","2009",-1.443321,
"NOR","MFP","TOT","AGRWTH","A","2010",-0.410505,
"NOR","MFP","TOT","AGRWTH","A","2011",-1.177653,
"NOR","MFP","TOT","AGRWTH","A","2012",0.64769,
"NOR","MFP","TOT","AGRWTH","A","2013",-0.061923,
"NOR","MFP","TOT","AGRWTH","A","2014",0.362798,
"NOR","MFP","TOT","AGRWTH","A","2015",0.958664,
"NOR","MFP","TOT","AGRWTH","A","2016",0.096134,
"NOR","MFP","TOT","AGRWTH","A","2017",1.442382,
"NOR","MFP","TOT","AGRWTH","A","2018",-0.758399,
"AUS","MFP","TOT","IDX2015","A","1985",82.541405,
"AUS","MFP","TOT","IDX2015","A","1986",81.93704,
"AUS","MFP","TOT","IDX2015","A","1987",83.247032,
"AUS","MFP","TOT","IDX2015","A","1988",82.66743,
"AUS","MFP","TOT","IDX2015","A","1989",82.425982,
"AUS","MFP","TOT","IDX2015","A","1990",82.222773,
"AUS","MFP","TOT","IDX2015","A","1991",82.804644,
"AUS","MFP","TOT","IDX2015","A","1992",84.69056,
"AUS","MFP","TOT","IDX2015","A","1993",85.007968,
"AUS","MFP","TOT","IDX2015","A","1994",85.103255,
"AUS","MFP","TOT","IDX2015","A","1995",86.834589,
"AUS","MFP","TOT","IDX2015","A","1996",88.889945,
"AUS","MFP","TOT","IDX2015","A","1997",90.919272,
"AUS","MFP","TOT","IDX2015","A","1998",93.151643,
"AUS","MFP","TOT","IDX2015","A","1999",93.525558,
"AUS","MFP","TOT","IDX2015","A","2000",93.506927,
"AUS","MFP","TOT","IDX2015","A","2001",95.723248,
"AUS","MFP","TOT","IDX2015","A","2002",96.118045,
"AUS","MFP","TOT","IDX2015","A","2003",97.336416,
"AUS","MFP","TOT","IDX2015","A","2004",96.580947,
"AUS","MFP","TOT","IDX2015","A","2005",96.094992,
"AUS","MFP","TOT","IDX2015","A","2006",96.059049,
"AUS","MFP","TOT","IDX2015","A","2007",96.26801,
"AUS","MFP","TOT","IDX2015","A","2008",97.712691,
"AUS","MFP","TOT","IDX2015","A","2009",96.176116,
"AUS","MFP","TOT","IDX2015","A","2010",96.545636,
"AUS","MFP","TOT","IDX2015","A","2011",96.782927,
"AUS","MFP","TOT","IDX2015","A","2012",97.572841,
"AUS","MFP","TOT","IDX2015","A","2013",98.210029,
"AUS","MFP","TOT","IDX2015","A","2014",98.179018,
"AUS","MFP","TOT","IDX2015","A","2015",100,
"AUS","MFP","TOT","IDX2015","A","2016",99.836537,
"AUS","MFP","TOT","IDX2015","A","2017",100.814576,
"AUS","MFP","TOT","IDX2015","A","2018",100.796485,
"AUS","MFP","TOT","IDX2015","A","2019",100.653048,
"AUT","MFP","TOT","IDX2015","A","1996",88.913662,
"AUT","MFP","TOT","IDX2015","A","1997",89.15689,
"AUT","MFP","TOT","IDX2015","A","1998",91.444252,
"AUT","MFP","TOT","IDX2015","A","1999",92.369067,
"AUT","MFP","TOT","IDX2015","A","2000",93.588211,
"AUT","MFP","TOT","IDX2015","A","2001",93.524792,
"AUT","MFP","TOT","IDX2015","A","2002",94.115149,
"AUT","MFP","TOT","IDX2015","A","2003",93.907794,
"AUT","MFP","TOT","IDX2015","A","2004",95.047981,
"AUT","MFP","TOT","IDX2015","A","2005",96.582745,
"AUT","MFP","TOT","IDX2015","A","2006",98.571509,
"AUT","MFP","TOT","IDX2015","A","2007",100.560042,
"AUT","MFP","TOT","IDX2015","A","2008",100.10248,
"AUT","MFP","TOT","IDX2015","A","2009",97.938382,
"AUT","MFP","TOT","IDX2015","A","2010",98.866591,
"AUT","MFP","TOT","IDX2015","A","2011",99.555999,
"AUT","MFP","TOT","IDX2015","A","2012",99.819389,
"AUT","MFP","TOT","IDX2015","A","2013",99.53967,
"AUT","MFP","TOT","IDX2015","A","2014",99.381181,
"AUT","MFP","TOT","IDX2015","A","2015",100,
"AUT","MFP","TOT","IDX2015","A","2016",99.691372,
"AUT","MFP","TOT","IDX2015","A","2017",100.563812,
"AUT","MFP","TOT","IDX2015","A","2018",100.876096,
"AUT","MFP","TOT","IDX2015","A","2019",100.690091,
"BEL","MFP","TOT","IDX2015","A","1985",87.909445,
"BEL","MFP","TOT","IDX2015","A","1986",88.651905,
"BEL","MFP","TOT","IDX2015","A","1987",89.670745,
"BEL","MFP","TOT","IDX2015","A","1988",91.831774,
"BEL","MFP","TOT","IDX2015","A","1989",92.92387,
"BEL","MFP","TOT","IDX2015","A","1990",93.06666,
"BEL","MFP","TOT","IDX2015","A","1991",94.844749,
"BEL","MFP","TOT","IDX2015","A","1992",96.189453,
"BEL","MFP","TOT","IDX2015","A","1993",96.414024,
"BEL","MFP","TOT","IDX2015","A","1994",98.538021,
"BEL","MFP","TOT","IDX2015","A","1995",97.857856,
"BEL","MFP","TOT","IDX2015","A","1996",97.624337,
"BEL","MFP","TOT","IDX2015","A","1997",99.073585,
"BEL","MFP","TOT","IDX2015","A","1998",98.684405,
"BEL","MFP","TOT","IDX2015","A","1999",99.655964,
"BEL","MFP","TOT","IDX2015","A","2000",99.618629,
"BEL","MFP","TOT","IDX2015","A","2001",98.507483,
"BEL","MFP","TOT","IDX2015","A","2002",98.161281,
"BEL","MFP","TOT","IDX2015","A","2003",97.935518,
"BEL","MFP","TOT","IDX2015","A","2004",100.015874,
"BEL","MFP","TOT","IDX2015","A","2005",100.512217,
"BEL","MFP","TOT","IDX2015","A","2006",100.427376,
"BEL","MFP","TOT","IDX2015","A","2007",101.531298,
"BEL","MFP","TOT","IDX2015","A","2008",100.044596,
"BEL","MFP","TOT","IDX2015","A","2009",98.166454,
"BEL","MFP","TOT","IDX2015","A","2010",99.185756,
"BEL","MFP","TOT","IDX2015","A","2011",98.274551,
"BEL","MFP","TOT","IDX2015","A","2012",98.125819,
"BEL","MFP","TOT","IDX2015","A","2013",98.292383,
"BEL","MFP","TOT","IDX2015","A","2014",99.078492,
"BEL","MFP","TOT","IDX2015","A","2015",100,
"BEL","MFP","TOT","IDX2015","A","2016",99.647721,
"BEL","MFP","TOT","IDX2015","A","2017",99.162141,
"BEL","MFP","TOT","IDX2015","A","2018",99.047747,
"BEL","MFP","TOT","IDX2015","A","2019",99.07301,
"CAN","MFP","TOT","IDX2015","A","1985",87.065802,
"CAN","MFP","TOT","IDX2015","A","1986",86.223116,
"CAN","MFP","TOT","IDX2015","A","1987",86.630701,
"CAN","MFP","TOT","IDX2015","A","1988",87.248635,
"CAN","MFP","TOT","IDX2015","A","1989",86.95687,
"CAN","MFP","TOT","IDX2015","A","1990",86.039919,
"CAN","MFP","TOT","IDX2015","A","1991",85.27159,
"CAN","MFP","TOT","IDX2015","A","1992",86.149525,
"CAN","MFP","TOT","IDX2015","A","1993",87.467316,
"CAN","MFP","TOT","IDX2015","A","1994",89.089913,
"CAN","MFP","TOT","IDX2015","A","1995",89.824574,
"CAN","MFP","TOT","IDX2015","A","1996",89.306586,
"CAN","MFP","TOT","IDX2015","A","1997",90.549456,
"CAN","MFP","TOT","IDX2015","A","1998",91.633401,
"CAN","MFP","TOT","IDX2015","A","1999",93.448053,
"CAN","MFP","TOT","IDX2015","A","2000",95.684028,
"CAN","MFP","TOT","IDX2015","A","2001",96.143561,
"CAN","MFP","TOT","IDX2015","A","2002",97.192799,
"CAN","MFP","TOT","IDX2015","A","2003",96.912151,
"CAN","MFP","TOT","IDX2015","A","2004",97.255394,
"CAN","MFP","TOT","IDX2015","A","2005",98.421571,
"CAN","MFP","TOT","IDX2015","A","2006",98.622107,
"CAN","MFP","TOT","IDX2015","A","2007",97.963184,
"CAN","MFP","TOT","IDX2015","A","2008",96.964688,
"CAN","MFP","TOT","IDX2015","A","2009",96.023249,
"CAN","MFP","TOT","IDX2015","A","2010",96.793006,
"CAN","MFP","TOT","IDX2015","A","2011",97.990489,
"CAN","MFP","TOT","IDX2015","A","2012",97.801543,
"CAN","MFP","TOT","IDX2015","A","2013",98.631461,
"CAN","MFP","TOT","IDX2015","A","2014",100.530133,
"CAN","MFP","TOT","IDX2015","A","2015",100,
"CAN","MFP","TOT","IDX2015","A","2016",100.160885,
"CAN","MFP","TOT","IDX2015","A","2017",101.870609,
"CAN","MFP","TOT","IDX2015","A","2018",102.356395,
"CAN","MFP","TOT","IDX2015","A","2019",102.95939,
"DNK","MFP","TOT","IDX2015","A","1985",86.539728,
"DNK","MFP","TOT","IDX2015","A","1986",87.60214,
"DNK","MFP","TOT","IDX2015","A","1987",87.542835,
"DNK","MFP","TOT","IDX2015","A","1988",87.642825,
"DNK","MFP","TOT","IDX2015","A","1989",87.886026,
"DNK","MFP","TOT","IDX2015","A","1990",88.938619,
"DNK","MFP","TOT","IDX2015","A","1991",89.840032,
"DNK","MFP","TOT","IDX2015","A","1992",90.478516,
"DNK","MFP","TOT","IDX2015","A","1993",90.805513,
"DNK","MFP","TOT","IDX2015","A","1994",95.131148,
"DNK","MFP","TOT","IDX2015","A","1995",95.754312,
"DNK","MFP","TOT","IDX2015","A","1996",96.916999,
"DNK","MFP","TOT","IDX2015","A","1997",96.839566,
"DNK","MFP","TOT","IDX2015","A","1998",95.862217,
"DNK","MFP","TOT","IDX2015","A","1999",95.972698,
"DNK","MFP","TOT","IDX2015","A","2000",97.249588,
"DNK","MFP","TOT","IDX2015","A","2001",96.050238,
"DNK","MFP","TOT","IDX2015","A","2002",95.658338,
"DNK","MFP","TOT","IDX2015","A","2003",95.944214,
"DNK","MFP","TOT","IDX2015","A","2004",97.857316,
"DNK","MFP","TOT","IDX2015","A","2005",98.538466,
"DNK","MFP","TOT","IDX2015","A","2006",99.337258,
"DNK","MFP","TOT","IDX2015","A","2007",98.65613,
"DNK","MFP","TOT","IDX2015","A","2008",96.444072,
"DNK","MFP","TOT","IDX2015","A","2009",93.679498,
"DNK","MFP","TOT","IDX2015","A","2010",96.135708,
"DNK","MFP","TOT","IDX2015","A","2011",96.393999,
"DNK","MFP","TOT","IDX2015","A","2012",97.340956,
"DNK","MFP","TOT","IDX2015","A","2013",97.731632,
"DNK","MFP","TOT","IDX2015","A","2014",98.831954,
"DNK","MFP","TOT","IDX2015","A","2015",100,
"DNK","MFP","TOT","IDX2015","A","2016",101.096554,
"DNK","MFP","TOT","IDX2015","A","2017",102.591625,
"DNK","MFP","TOT","IDX2015","A","2018",104.199463,
"DNK","MFP","TOT","IDX2015","A","2019",105.641122,
"FIN","MFP","TOT","IDX2015","A","1985",67.644466,
"FIN","MFP","TOT","IDX2015","A","1986",69.412229,
"FIN","MFP","TOT","IDX2015","A","1987",70.289954,
"FIN","MFP","TOT","IDX2015","A","1988",72.658017,
"FIN","MFP","TOT","IDX2015","A","1989",74.583358,
"FIN","MFP","TOT","IDX2015","A","1990",75.007913,
"FIN","MFP","TOT","IDX2015","A","1991",73.424567,
"FIN","MFP","TOT","IDX2015","A","1992",74.046602,
"FIN","MFP","TOT","IDX2015","A","1993",76.365569,
"FIN","MFP","TOT","IDX2015","A","1994",79.377257,
"FIN","MFP","TOT","IDX2015","A","1995",80.881067,
"FIN","MFP","TOT","IDX2015","A","1996",82.445858,
"FIN","MFP","TOT","IDX2015","A","1997",85.095541,
"FIN","MFP","TOT","IDX2015","A","1998",88.022514,
"FIN","MFP","TOT","IDX2015","A","1999",89.709589,
"FIN","MFP","TOT","IDX2015","A","2000",93.059449,
"FIN","MFP","TOT","IDX2015","A","2001",94.199785,
"FIN","MFP","TOT","IDX2015","A","2002",94.708293,
"FIN","MFP","TOT","IDX2015","A","2003",96.002694,
"FIN","MFP","TOT","IDX2015","A","2004",98.745362,
"FIN","MFP","TOT","IDX2015","A","2005",100.172282,
"FIN","MFP","TOT","IDX2015","A","2006",102.35075,
"FIN","MFP","TOT","IDX2015","A","2007",105.272453,
"FIN","MFP","TOT","IDX2015","A","2008",103.708853,
"FIN","MFP","TOT","IDX2015","A","2009",97.359887,
"FIN","MFP","TOT","IDX2015","A","2010",100.240322,
"FIN","MFP","TOT","IDX2015","A","2011",101.571408,
"FIN","MFP","TOT","IDX2015","A","2012",99.671945,
"FIN","MFP","TOT","IDX2015","A","2013",99.515539,
"FIN","MFP","TOT","IDX2015","A","2014",99.387735,
"FIN","MFP","TOT","IDX2015","A","2015",100,
"FIN","MFP","TOT","IDX2015","A","2016",102.170071,
"FIN","MFP","TOT","IDX2015","A","2017",104.675222,
"FIN","MFP","TOT","IDX2015","A","2018",104.089821,
"FIN","MFP","TOT","IDX2015","A","2019",104.049053,
"FRA","MFP","TOT","IDX2015","A","1985",81.333969,
"FRA","MFP","TOT","IDX2015","A","1986",82.391789,
"FRA","MFP","TOT","IDX2015","A","1987",82.718171,
"FRA","MFP","TOT","IDX2015","A","1988",84.724727,
"FRA","MFP","TOT","IDX2015","A","1989",86.810582,
"FRA","MFP","TOT","IDX2015","A","1990",87.855337,
"FRA","MFP","TOT","IDX2015","A","1991",87.863146,
"FRA","MFP","TOT","IDX2015","A","1992",88.810071,
"FRA","MFP","TOT","IDX2015","A","1993",88.53324,
"FRA","MFP","TOT","IDX2015","A","1994",89.693403,
"FRA","MFP","TOT","IDX2015","A","1995",91.09777,
"FRA","MFP","TOT","IDX2015","A","1996",91.405406,
"FRA","MFP","TOT","IDX2015","A","1997",92.287272,
"FRA","MFP","TOT","IDX2015","A","1998",93.880823,
"FRA","MFP","TOT","IDX2015","A","1999",94.624205,
"FRA","MFP","TOT","IDX2015","A","2000",96.306718,
"FRA","MFP","TOT","IDX2015","A","2001",97.020891,
"FRA","MFP","TOT","IDX2015","A","2002",98.538918,
"FRA","MFP","TOT","IDX2015","A","2003",98.424318,
"FRA","MFP","TOT","IDX2015","A","2004",99.217024,
"FRA","MFP","TOT","IDX2015","A","2005",99.5745,
"FRA","MFP","TOT","IDX2015","A","2006",101.260907,
"FRA","MFP","TOT","IDX2015","A","2007",100.622388,
"FRA","MFP","TOT","IDX2015","A","2008",99.319348,
"FRA","MFP","TOT","IDX2015","A","2009",97.331222,
"FRA","MFP","TOT","IDX2015","A","2010",98.215035,
"FRA","MFP","TOT","IDX2015","A","2011",98.956581,
"FRA","MFP","TOT","IDX2015","A","2012",98.693416,
"FRA","MFP","TOT","IDX2015","A","2013",99.267257,
"FRA","MFP","TOT","IDX2015","A","2014",99.682613,
"FRA","MFP","TOT","IDX2015","A","2015",100,
"FRA","MFP","TOT","IDX2015","A","2016",99.889567,
"FRA","MFP","TOT","IDX2015","A","2017",101.357829,
"FRA","MFP","TOT","IDX2015","A","2018",101.402331,
"FRA","MFP","TOT","IDX2015","A","2019",101.49621,
"DEU","MFP","TOT","IDX2015","A","1985",75.041676,
"DEU","MFP","TOT","IDX2015","A","1986",75.724722,
"DEU","MFP","TOT","IDX2015","A","1987",76.196794,
"DEU","MFP","TOT","IDX2015","A","1988",77.716123,
"DEU","MFP","TOT","IDX2015","A","1989",79.787846,
"DEU","MFP","TOT","IDX2015","A","1990",82.115693,
"DEU","MFP","TOT","IDX2015","A","1991",84.379694,
"DEU","MFP","TOT","IDX2015","A","1992",85.50974,
"DEU","MFP","TOT","IDX2015","A","1993",85.887694,
"DEU","MFP","TOT","IDX2015","A","1994",87.471046,
"DEU","MFP","TOT","IDX2015","A","1995",88.248889,
"DEU","MFP","TOT","IDX2015","A","1996",88.948856,
"DEU","MFP","TOT","IDX2015","A","1997",90.370182,
"DEU","MFP","TOT","IDX2015","A","1998",90.841471,
"DEU","MFP","TOT","IDX2015","A","1999",91.255083,
"DEU","MFP","TOT","IDX2015","A","2000",92.714024,
"DEU","MFP","TOT","IDX2015","A","2001",94.021448,
"DEU","MFP","TOT","IDX2015","A","2002",94.025233,
"DEU","MFP","TOT","IDX2015","A","2003",93.955551,
"DEU","MFP","TOT","IDX2015","A","2004",94.542494,
"DEU","MFP","TOT","IDX2015","A","2005",95.384969,
"DEU","MFP","TOT","IDX2015","A","2006",96.901716,
"DEU","MFP","TOT","IDX2015","A","2007",97.879076,
"DEU","MFP","TOT","IDX2015","A","2008",97.541392,
"DEU","MFP","TOT","IDX2015","A","2009",93.574921,
"DEU","MFP","TOT","IDX2015","A","2010",95.838296,
"DEU","MFP","TOT","IDX2015","A","2011",98.194908,
"DEU","MFP","TOT","IDX2015","A","2012",98.419194,
"DEU","MFP","TOT","IDX2015","A","2013",98.608458,
"DEU","MFP","TOT","IDX2015","A","2014",99.618726,
"DEU","MFP","TOT","IDX2015","A","2015",100,
"DEU","MFP","TOT","IDX2015","A","2016",101.158842,
"DEU","MFP","TOT","IDX2015","A","2017",102.644683,
"DEU","MFP","TOT","IDX2015","A","2018",102.530073,
"DEU","MFP","TOT","IDX2015","A","2019",102.189626,
"GRC","MFP","TOT","IDX2015","A","1990",105.265568,
"GRC","MFP","TOT","IDX2015","A","1991",108.094756,
"GRC","MFP","TOT","IDX2015","A","1992",105.93712,
"GRC","MFP","TOT","IDX2015","A","1993",102.191362,
"GRC","MFP","TOT","IDX2015","A","1994",103.398513,
"GRC","MFP","TOT","IDX2015","A","1995",104.807834,
"GRC","MFP","TOT","IDX2015","A","1996",107.260957,
"GRC","MFP","TOT","IDX2015","A","1997",111.147363,
"GRC","MFP","TOT","IDX2015","A","1998",110.013096,
"GRC","MFP","TOT","IDX2015","A","1999",111.688545,
"GRC","MFP","TOT","IDX2015","A","2000",113.658585,
"GRC","MFP","TOT","IDX2015","A","2001",116.209189,
"GRC","MFP","TOT","IDX2015","A","2002",117.017621,
"GRC","MFP","TOT","IDX2015","A","2003",120.435149,
"GRC","MFP","TOT","IDX2015","A","2004",122.829602,
"GRC","MFP","TOT","IDX2015","A","2005",119.076681,
"GRC","MFP","TOT","IDX2015","A","2006",122.729315,
"GRC","MFP","TOT","IDX2015","A","2007",123.898014,
"GRC","MFP","TOT","IDX2015","A","2008",120.605151,
"GRC","MFP","TOT","IDX2015","A","2009",115.478467,
"GRC","MFP","TOT","IDX2015","A","2010",112.732647,
"GRC","MFP","TOT","IDX2015","A","2011",103.499599,
"GRC","MFP","TOT","IDX2015","A","2012",98.662901,
"GRC","MFP","TOT","IDX2015","A","2013",97.053999,
"GRC","MFP","TOT","IDX2015","A","2014",97.793148,
"GRC","MFP","TOT","IDX2015","A","2015",100,
"GRC","MFP","TOT","IDX2015","A","2016",98.018323,
"GRC","MFP","TOT","IDX2015","A","2017",99.620706,
"GRC","MFP","TOT","IDX2015","A","2018",100.618091,
"GRC","MFP","TOT","IDX2015","A","2019",102.20546,
"ITA","MFP","TOT","IDX2015","A","1985",93.220009,
"ITA","MFP","TOT","IDX2015","A","1986",94.049497,
"ITA","MFP","TOT","IDX2015","A","1987",95.045349,
"ITA","MFP","TOT","IDX2015","A","1988",96.863711,
"ITA","MFP","TOT","IDX2015","A","1989",99.035949,
"ITA","MFP","TOT","IDX2015","A","1990",99.165751,
"ITA","MFP","TOT","IDX2015","A","1991",98.637992,
"ITA","MFP","TOT","IDX2015","A","1992",99.043921,
"ITA","MFP","TOT","IDX2015","A","1993",99.695824,
"ITA","MFP","TOT","IDX2015","A","1994",102.721456,
"ITA","MFP","TOT","IDX2015","A","1995",104.974642,
"ITA","MFP","TOT","IDX2015","A","1996",104.592539,
"ITA","MFP","TOT","IDX2015","A","1997",105.642844,
"ITA","MFP","TOT","IDX2015","A","1998",105.267751,
"ITA","MFP","TOT","IDX2015","A","1999",105.253711,
"ITA","MFP","TOT","IDX2015","A","2000",107.359491,
"ITA","MFP","TOT","IDX2015","A","2001",107.332477,
"ITA","MFP","TOT","IDX2015","A","2002",105.687645,
"ITA","MFP","TOT","IDX2015","A","2003",104.314864,
"ITA","MFP","TOT","IDX2015","A","2004",104.592982,
"ITA","MFP","TOT","IDX2015","A","2005",104.44196,
"ITA","MFP","TOT","IDX2015","A","2006",104.052302,
"ITA","MFP","TOT","IDX2015","A","2007",103.661113,
"ITA","MFP","TOT","IDX2015","A","2008",102.345995,
"ITA","MFP","TOT","IDX2015","A","2009",98.969527,
"ITA","MFP","TOT","IDX2015","A","2010",100.701114,
"ITA","MFP","TOT","IDX2015","A","2011",101.112971,
"ITA","MFP","TOT","IDX2015","A","2012",99.703932,
"ITA","MFP","TOT","IDX2015","A","2013",99.693964,
"ITA","MFP","TOT","IDX2015","A","2014",99.754875,
"ITA","MFP","TOT","IDX2015","A","2015",100,
"ITA","MFP","TOT","IDX2015","A","2016",100.059432,
"ITA","MFP","TOT","IDX2015","A","2017",100.886017,
"ITA","MFP","TOT","IDX2015","A","2018",101.055608,
"ITA","MFP","TOT","IDX2015","A","2019",101.076737,
"JPN","MFP","TOT","IDX2015","A","1985",75.936069,
"JPN","MFP","TOT","IDX2015","A","1986",76.753217,
"JPN","MFP","TOT","IDX2015","A","1987",78.839606,
"JPN","MFP","TOT","IDX2015","A","1988",82.014688,
"JPN","MFP","TOT","IDX2015","A","1989",84.10669,
"JPN","MFP","TOT","IDX2015","A","1990",86.669652,
"JPN","MFP","TOT","IDX2015","A","1991",87.694418,
"JPN","MFP","TOT","IDX2015","A","1992",87.345276,
"JPN","MFP","TOT","IDX2015","A","1993",87.407878,
"JPN","MFP","TOT","IDX2015","A","1994",87.427064,
"JPN","MFP","TOT","IDX2015","A","1995",88.965411,
"JPN","MFP","TOT","IDX2015","A","1996",90.120136,
"JPN","MFP","TOT","IDX2015","A","1997",90.30392,
"JPN","MFP","TOT","IDX2015","A","1998",89.69205,
"JPN","MFP","TOT","IDX2015","A","1999",90.367022,
"JPN","MFP","TOT","IDX2015","A","2000",91.931002,
"JPN","MFP","TOT","IDX2015","A","2001",92.054484,
"JPN","MFP","TOT","IDX2015","A","2002",92.617254,
"JPN","MFP","TOT","IDX2015","A","2003",93.363472,
"JPN","MFP","TOT","IDX2015","A","2004",94.92567,
"JPN","MFP","TOT","IDX2015","A","2005",95.83272,
"JPN","MFP","TOT","IDX2015","A","2006",95.833405,
"JPN","MFP","TOT","IDX2015","A","2007",96.300383,
"JPN","MFP","TOT","IDX2015","A","2008",95.452193,
"JPN","MFP","TOT","IDX2015","A","2009",92.965471,
"JPN","MFP","TOT","IDX2015","A","2010",96.159608,
"JPN","MFP","TOT","IDX2015","A","2011",96.240433,
"JPN","MFP","TOT","IDX2015","A","2012",97.204287,
"JPN","MFP","TOT","IDX2015","A","2013",99.009425,
"JPN","MFP","TOT","IDX2015","A","2014",98.959152,
"JPN","MFP","TOT","IDX2015","A","2015",100,
"JPN","MFP","TOT","IDX2015","A","2016",99.885381,
"JPN","MFP","TOT","IDX2015","A","2017",101.353142,
"JPN","MFP","TOT","IDX2015","A","2018",101.514445,
"KOR","MFP","TOT","IDX2015","A","1990",48.668938,
"KOR","MFP","TOT","IDX2015","A","1991",51.349679,
"KOR","MFP","TOT","IDX2015","A","1992",52.64618,
"KOR","MFP","TOT","IDX2015","A","1993",54.092347,
"KOR","MFP","TOT","IDX2015","A","1994",56.268177,
"KOR","MFP","TOT","IDX2015","A","1995",58.43625,
"KOR","MFP","TOT","IDX2015","A","1996",60.467155,
"KOR","MFP","TOT","IDX2015","A","1997",62.822569,
"KOR","MFP","TOT","IDX2015","A","1998",63.333461,
"KOR","MFP","TOT","IDX2015","A","1999",67.956866,
"KOR","MFP","TOT","IDX2015","A","2000",69.634974,
"KOR","MFP","TOT","IDX2015","A","2001",70.698502,
"KOR","MFP","TOT","IDX2015","A","2002",74.003883,
"KOR","MFP","TOT","IDX2015","A","2003",75.836243,
"KOR","MFP","TOT","IDX2015","A","2004",78.177392,
"KOR","MFP","TOT","IDX2015","A","2005",80.58374,
"KOR","MFP","TOT","IDX2015","A","2006",82.965468,
"KOR","MFP","TOT","IDX2015","A","2007",86.724011,
"KOR","MFP","TOT","IDX2015","A","2008",89.7875,
"KOR","MFP","TOT","IDX2015","A","2009",91.193041,
"KOR","MFP","TOT","IDX2015","A","2010",95.433676,
"KOR","MFP","TOT","IDX2015","A","2011",97.004804,
"KOR","MFP","TOT","IDX2015","A","2012",97.27006,
"KOR","MFP","TOT","IDX2015","A","2013",98.382103,
"KOR","MFP","TOT","IDX2015","A","2014",99.542107,
"KOR","MFP","TOT","IDX2015","A","2015",100,
"KOR","MFP","TOT","IDX2015","A","2016",101.513196,
"KOR","MFP","TOT","IDX2015","A","2017",104.140039,
"KOR","MFP","TOT","IDX2015","A","2018",106.524843,
"KOR","MFP","TOT","IDX2015","A","2019",107.658392,
"LUX","MFP","TOT","IDX2015","A","1996",97.391597,
"LUX","MFP","TOT","IDX2015","A","1997",99.142915,
"LUX","MFP","TOT","IDX2015","A","1998",100.490059,
"LUX","MFP","TOT","IDX2015","A","1999",103.222735,
"LUX","MFP","TOT","IDX2015","A","2000",105.000381,
"LUX","MFP","TOT","IDX2015","A","2001",102.219291,
"LUX","MFP","TOT","IDX2015","A","2002",102.904994,
"LUX","MFP","TOT","IDX2015","A","2003",102.184011,
"LUX","MFP","TOT","IDX2015","A","2004",102.940748,
"LUX","MFP","TOT","IDX2015","A","2005",104.589725,
"LUX","MFP","TOT","IDX2015","A","2006",105.969548,
"LUX","MFP","TOT","IDX2015","A","2007",108.955149,
"LUX","MFP","TOT","IDX2015","A","2008",102.23042,
"LUX","MFP","TOT","IDX2015","A","2009",98.739457,
"LUX","MFP","TOT","IDX2015","A","2010",101.129984,
"LUX","MFP","TOT","IDX2015","A","2011",100.406229,
"LUX","MFP","TOT","IDX2015","A","2012",97.27374,
"LUX","MFP","TOT","IDX2015","A","2013",98.496734,
"LUX","MFP","TOT","IDX2015","A","2014",99.171514,
"LUX","MFP","TOT","IDX2015","A","2015",100,
"LUX","MFP","TOT","IDX2015","A","2016",101.341044,
"LUX","MFP","TOT","IDX2015","A","2017",99.931037,
"LUX","MFP","TOT","IDX2015","A","2018",99.515057,
"NLD","MFP","TOT","IDX2015","A","1985",83.791318,
"NLD","MFP","TOT","IDX2015","A","1986",84.438457,
"NLD","MFP","TOT","IDX2015","A","1987",84.849328,
"NLD","MFP","TOT","IDX2015","A","1988",85.982045,
"NLD","MFP","TOT","IDX2015","A","1989",87.374039,
"NLD","MFP","TOT","IDX2015","A","1990",88.315904,
"NLD","MFP","TOT","IDX2015","A","1991",88.790695,
"NLD","MFP","TOT","IDX2015","A","1992",88.305712,
"NLD","MFP","TOT","IDX2015","A","1993",89.028565,
"NLD","MFP","TOT","IDX2015","A","1994",90.336511,
"NLD","MFP","TOT","IDX2015","A","1995",89.550275,
"NLD","MFP","TOT","IDX2015","A","1996",89.941895,
"NLD","MFP","TOT","IDX2015","A","1997",91.604157,
"NLD","MFP","TOT","IDX2015","A","1998",93.2763,
"NLD","MFP","TOT","IDX2015","A","1999",94.71241,
"NLD","MFP","TOT","IDX2015","A","2000",96.825873,
"NLD","MFP","TOT","IDX2015","A","2001",97.148681,
"NLD","MFP","TOT","IDX2015","A","2002",97.067562,
"NLD","MFP","TOT","IDX2015","A","2003",97.481081,
"NLD","MFP","TOT","IDX2015","A","2004",98.642971,
"NLD","MFP","TOT","IDX2015","A","2005",100.233244,
"NLD","MFP","TOT","IDX2015","A","2006",101.402071,
"NLD","MFP","TOT","IDX2015","A","2007",101.684809,
"NLD","MFP","TOT","IDX2015","A","2008",101.83088,
"NLD","MFP","TOT","IDX2015","A","2009",98.616578,
"NLD","MFP","TOT","IDX2015","A","2010",100.054806,
"NLD","MFP","TOT","IDX2015","A","2011",100.453526,
"NLD","MFP","TOT","IDX2015","A","2012",99.662632,
"NLD","MFP","TOT","IDX2015","A","2013",99.616387,
"NLD","MFP","TOT","IDX2015","A","2014",100.235142,
"NLD","MFP","TOT","IDX2015","A","2015",100,
"NLD","MFP","TOT","IDX2015","A","2016",100.07371,
"NLD","MFP","TOT","IDX2015","A","2017",100.917165,
"NLD","MFP","TOT","IDX2015","A","2018",101.097346,
"NLD","MFP","TOT","IDX2015","A","2019",100.813562,
"NZL","MFP","TOT","IDX2015","A","1987",82.921515,
"NZL","MFP","TOT","IDX2015","A","1988",85.406984,
"NZL","MFP","TOT","IDX2015","A","1989",86.871531,
"NZL","MFP","TOT","IDX2015","A","1990",88.146069,
"NZL","MFP","TOT","IDX2015","A","1991",86.250417,
"NZL","MFP","TOT","IDX2015","A","1992",88.362632,
"NZL","MFP","TOT","IDX2015","A","1993",90.995566,
"NZL","MFP","TOT","IDX2015","A","1994",91.745902,
"NZL","MFP","TOT","IDX2015","A","1995",92.541812,
"NZL","MFP","TOT","IDX2015","A","1996",92.604429,
"NZL","MFP","TOT","IDX2015","A","1997",94.39924,
"NZL","MFP","TOT","IDX2015","A","1998",92.52784,
"NZL","MFP","TOT","IDX2015","A","1999",93.441861,
"NZL","MFP","TOT","IDX2015","A","2000",94.779646,
"NZL","MFP","TOT","IDX2015","A","2001",95.720838,
"NZL","MFP","TOT","IDX2015","A","2002",97.219943,
"NZL","MFP","TOT","IDX2015","A","2003",98.205383,
"NZL","MFP","TOT","IDX2015","A","2004",97.181015,
"NZL","MFP","TOT","IDX2015","A","2005",96.2898,
"NZL","MFP","TOT","IDX2015","A","2006",96.532452,
"NZL","MFP","TOT","IDX2015","A","2007",98.849645,
"NZL","MFP","TOT","IDX2015","A","2008",94.819727,
"NZL","MFP","TOT","IDX2015","A","2009",97.957793,
"NZL","MFP","TOT","IDX2015","A","2010",96.582055,
"NZL","MFP","TOT","IDX2015","A","2011",97.643574,
"NZL","MFP","TOT","IDX2015","A","2012",99.796765,
"NZL","MFP","TOT","IDX2015","A","2013",97.851428,
"NZL","MFP","TOT","IDX2015","A","2014",97.852235,
"NZL","MFP","TOT","IDX2015","A","2015",100,
"NZL","MFP","TOT","IDX2015","A","2016",99.696626,
"NZL","MFP","TOT","IDX2015","A","2017",99.896056,
"NZL","MFP","TOT","IDX2015","A","2018",100.489124,
"NZL","MFP","TOT","IDX2015","A","2019",98.627761,
"NOR","MFP","TOT","IDX2015","A","1990",78.808459,
"NOR","MFP","TOT","IDX2015","A","1991",81.595743,
"NOR","MFP","TOT","IDX2015","A","1992",84.139987,
"NOR","MFP","TOT","IDX2015","A","1993",86.088608,
"NOR","MFP","TOT","IDX2015","A","1994",89.346361,
"NOR","MFP","TOT","IDX2015","A","1995",92.059628,
"NOR","MFP","TOT","IDX2015","A","1996",94.87645,
"NOR","MFP","TOT","IDX2015","A","1997",96.959185,
"NOR","MFP","TOT","IDX2015","A","1998",96.35582,
"NOR","MFP","TOT","IDX2015","A","1999",96.4578,
"NOR","MFP","TOT","IDX2015","A","2000",98.866688,
"NOR","MFP","TOT","IDX2015","A","2001",100.953208,
"NOR","MFP","TOT","IDX2015","A","2002",102.643239,
"NOR","MFP","TOT","IDX2015","A","2003",104.761442,
"NOR","MFP","TOT","IDX2015","A","2004",106.642715,
"NOR","MFP","TOT","IDX2015","A","2005",107.408196,
"NOR","MFP","TOT","IDX2015","A","2006",106.543248,
"NOR","MFP","TOT","IDX2015","A","2007",104.830962,
"NOR","MFP","TOT","IDX2015","A","2008",101.156568,
"NOR","MFP","TOT","IDX2015","A","2009",99.696554,
"NOR","MFP","TOT","IDX2015","A","2010",99.287294,
"NOR","MFP","TOT","IDX2015","A","2011",98.118034,
"NOR","MFP","TOT","IDX2015","A","2012",98.753535,
"NOR","MFP","TOT","IDX2015","A","2013",98.692384,
"NOR","MFP","TOT","IDX2015","A","2014",99.050439,
"NOR","MFP","TOT","IDX2015","A","2015",100,
"NOR","MFP","TOT","IDX2015","A","2016",100.096134,
"NOR","MFP","TOT","IDX2015","A","2017",101.539903,
"NOR","MFP","TOT","IDX2015","A","2018",100.769825,
"PRT","MFP","TOT","IDX2015","A","1985",81.942465,
"PRT","MFP","TOT","IDX2015","A","1986",85.172775,
"PRT","MFP","TOT","IDX2015","A","1987",87.794752,
"PRT","MFP","TOT","IDX2015","A","1988",91.869294,
"PRT","MFP","TOT","IDX2015","A","1989",94.685455,
"PRT","MFP","TOT","IDX2015","A","1990",96.226034,
"PRT","MFP","TOT","IDX2015","A","1991",99.604746,
"PRT","MFP","TOT","IDX2015","A","1992",101.08427,
"PRT","MFP","TOT","IDX2015","A","1993",99.447001,
"PRT","MFP","TOT","IDX2015","A","1994",99.041572,
"PRT","MFP","TOT","IDX2015","A","1995",100.034841,
"PRT","MFP","TOT","IDX2015","A","1996",101.008766,
"PRT","MFP","TOT","IDX2015","A","1997",102.113236,
"PRT","MFP","TOT","IDX2015","A","1998",102.296888,
"PRT","MFP","TOT","IDX2015","A","1999",103.033047,
"PRT","MFP","TOT","IDX2015","A","2000",102.898014,
"PRT","MFP","TOT","IDX2015","A","2001",102.425353,
"PRT","MFP","TOT","IDX2015","A","2002",101.659204,
"PRT","MFP","TOT","IDX2015","A","2003",100.459966,
"PRT","MFP","TOT","IDX2015","A","2004",101.277249,
"PRT","MFP","TOT","IDX2015","A","2005",101.147298,
"PRT","MFP","TOT","IDX2015","A","2006",101.808533,
"PRT","MFP","TOT","IDX2015","A","2007",102.373114,
"PRT","MFP","TOT","IDX2015","A","2008",101.616448,
"PRT","MFP","TOT","IDX2015","A","2009",99.382401,
"PRT","MFP","TOT","IDX2015","A","2010",100.97607,
"PRT","MFP","TOT","IDX2015","A","2011",100.869991,
"PRT","MFP","TOT","IDX2015","A","2012",99.942074,
"PRT","MFP","TOT","IDX2015","A","2013",100.419365,
"PRT","MFP","TOT","IDX2015","A","2014",99.74253,
"PRT","MFP","TOT","IDX2015","A","2015",100,
"PRT","MFP","TOT","IDX2015","A","2016",100.376311,
"PRT","MFP","TOT","IDX2015","A","2017",101.433846,
"PRT","MFP","TOT","IDX2015","A","2018",102.130142,
"ESP","MFP","TOT","IDX2015","A","1985",93.517246,
"ESP","MFP","TOT","IDX2015","A","1986",94.461919,
"ESP","MFP","TOT","IDX2015","A","1987",95.572201,
"ESP","MFP","TOT","IDX2015","A","1988",96.801168,
"ESP","MFP","TOT","IDX2015","A","1989",97.820288,
"ESP","MFP","TOT","IDX2015","A","1990",97.201115,
"ESP","MFP","TOT","IDX2015","A","1991",97.086892,
"ESP","MFP","TOT","IDX2015","A","1992",98.291957,
"ESP","MFP","TOT","IDX2015","A","1993",99.081937,
"ESP","MFP","TOT","IDX2015","A","1994",101.054017,
"ESP","MFP","TOT","IDX2015","A","1995",101.411409,
"ESP","MFP","TOT","IDX2015","A","1996",101.9256,
"ESP","MFP","TOT","IDX2015","A","1997",101.581956,
"ESP","MFP","TOT","IDX2015","A","1998",100.973766,
"ESP","MFP","TOT","IDX2015","A","1999",100.337152,
"ESP","MFP","TOT","IDX2015","A","2000",100.530161,
"ESP","MFP","TOT","IDX2015","A","2001",100.256886,
"ESP","MFP","TOT","IDX2015","A","2002",99.786864,
"ESP","MFP","TOT","IDX2015","A","2003",99.436685,
"ESP","MFP","TOT","IDX2015","A","2004",99.135908,
"ESP","MFP","TOT","IDX2015","A","2005",98.978504,
"ESP","MFP","TOT","IDX2015","A","2006",98.988641,
"ESP","MFP","TOT","IDX2015","A","2007",99.198782,
"ESP","MFP","TOT","IDX2015","A","2008",98.249057,
"ESP","MFP","TOT","IDX2015","A","2009",98.031558,
"ESP","MFP","TOT","IDX2015","A","2010",98.925566,
"ESP","MFP","TOT","IDX2015","A","2011",98.930621,
"ESP","MFP","TOT","IDX2015","A","2012",98.685188,
"ESP","MFP","TOT","IDX2015","A","2013",98.700596,
"ESP","MFP","TOT","IDX2015","A","2014",98.866418,
"ESP","MFP","TOT","IDX2015","A","2015",100,
"ESP","MFP","TOT","IDX2015","A","2016",100.655356,
"ESP","MFP","TOT","IDX2015","A","2017",101.516886,
"ESP","MFP","TOT","IDX2015","A","2018",101.341638,
"SWE","MFP","TOT","IDX2015","A","1985",81.953566,
"SWE","MFP","TOT","IDX2015","A","1986",82.669659,
"SWE","MFP","TOT","IDX2015","A","1987",83.290764,
"SWE","MFP","TOT","IDX2015","A","1988",82.544271,
"SWE","MFP","TOT","IDX2015","A","1989",82.404889,
"SWE","MFP","TOT","IDX2015","A","1990",81.353804,
"SWE","MFP","TOT","IDX2015","A","1991",80.780322,
"SWE","MFP","TOT","IDX2015","A","1992",81.018128,
"SWE","MFP","TOT","IDX2015","A","1993",81.031354,
"SWE","MFP","TOT","IDX2015","A","1994",82.631123,
"SWE","MFP","TOT","IDX2015","A","1995",83.764063,
"SWE","MFP","TOT","IDX2015","A","1996",84.063674,
"SWE","MFP","TOT","IDX2015","A","1997",86.166662,
"SWE","MFP","TOT","IDX2015","A","1998",87.484616,
"SWE","MFP","TOT","IDX2015","A","1999",87.99924,
"SWE","MFP","TOT","IDX2015","A","2000",89.771766,
"SWE","MFP","TOT","IDX2015","A","2001",89.311196,
"SWE","MFP","TOT","IDX2015","A","2002",91.145105,
"SWE","MFP","TOT","IDX2015","A","2003",93.093792,
"SWE","MFP","TOT","IDX2015","A","2004",95.501568,
"SWE","MFP","TOT","IDX2015","A","2005",97.007692,
"SWE","MFP","TOT","IDX2015","A","2006",99.052933,
"SWE","MFP","TOT","IDX2015","A","2007",99.056774,
"SWE","MFP","TOT","IDX2015","A","2008",96.53087,
"SWE","MFP","TOT","IDX2015","A","2009",93.772632,
"SWE","MFP","TOT","IDX2015","A","2010",97.114397,
"SWE","MFP","TOT","IDX2015","A","2011",97.846711,
"SWE","MFP","TOT","IDX2015","A","2012",96.63089,
"SWE","MFP","TOT","IDX2015","A","2013",96.909178,
"SWE","MFP","TOT","IDX2015","A","2014",97.74896,
"SWE","MFP","TOT","IDX2015","A","2015",100,
"SWE","MFP","TOT","IDX2015","A","2016",99.266853,
"SWE","MFP","TOT","IDX2015","A","2017",99.476033,
"SWE","MFP","TOT","IDX2015","A","2018",99.351205,
"SWE","MFP","TOT","IDX2015","A","2019",100.487848,
"CHE","MFP","TOT","IDX2015","A","1992",94.724365,
"CHE","MFP","TOT","IDX2015","A","1993",94.243638,
"CHE","MFP","TOT","IDX2015","A","1994",94.077565,
"CHE","MFP","TOT","IDX2015","A","1995",94.240591,
"CHE","MFP","TOT","IDX2015","A","1996",94.721074,
"CHE","MFP","TOT","IDX2015","A","1997",96.142909,
"CHE","MFP","TOT","IDX2015","A","1998",96.37897,
"CHE","MFP","TOT","IDX2015","A","1999",95.089272,
"CHE","MFP","TOT","IDX2015","A","2000",96.891445,
"CHE","MFP","TOT","IDX2015","A","2001",97.591422,
"CHE","MFP","TOT","IDX2015","A","2002",96.774775,
"CHE","MFP","TOT","IDX2015","A","2003",95.51565,
"CHE","MFP","TOT","IDX2015","A","2004",95.825599,
"CHE","MFP","TOT","IDX2015","A","2005",97.310513,
"CHE","MFP","TOT","IDX2015","A","2006",98.967257,
"CHE","MFP","TOT","IDX2015","A","2007",100.132946,
"CHE","MFP","TOT","IDX2015","A","2008",100.297725,
"CHE","MFP","TOT","IDX2015","A","2009",97.353243,
"CHE","MFP","TOT","IDX2015","A","2010",99.386187,
"CHE","MFP","TOT","IDX2015","A","2011",99.026158,
"CHE","MFP","TOT","IDX2015","A","2012",98.888801,
"CHE","MFP","TOT","IDX2015","A","2013",99.968929,
"CHE","MFP","TOT","IDX2015","A","2014",100.731812,
"CHE","MFP","TOT","IDX2015","A","2015",100,
"CHE","MFP","TOT","IDX2015","A","2016",100.36629,
"CHE","MFP","TOT","IDX2015","A","2017",101.508621,
"CHE","MFP","TOT","IDX2015","A","2018",103.664997,
"CHE","MFP","TOT","IDX2015","A","2019",103.8153,
"GBR","MFP","TOT","IDX2015","A","1985",75.537566,
"GBR","MFP","TOT","IDX2015","A","1986",76.902337,
"GBR","MFP","TOT","IDX2015","A","1987",79.158448,
"GBR","MFP","TOT","IDX2015","A","1988",79.036249,
"GBR","MFP","TOT","IDX2015","A","1989",78.568602,
"GBR","MFP","TOT","IDX2015","A","1990",78.048712,
"GBR","MFP","TOT","IDX2015","A","1991",77.710191,
"GBR","MFP","TOT","IDX2015","A","1992",79.093629,
"GBR","MFP","TOT","IDX2015","A","1993",80.638941,
"GBR","MFP","TOT","IDX2015","A","1994",81.763358,
"GBR","MFP","TOT","IDX2015","A","1995",81.862422,
"GBR","MFP","TOT","IDX2015","A","1996",82.41904,
"GBR","MFP","TOT","IDX2015","A","1997",85.926387,
"GBR","MFP","TOT","IDX2015","A","1998",87.432586,
"GBR","MFP","TOT","IDX2015","A","1999",89.269846,
"GBR","MFP","TOT","IDX2015","A","2000",91.423082,
"GBR","MFP","TOT","IDX2015","A","2001",92.696206,
"GBR","MFP","TOT","IDX2015","A","2002",94.266205,
"GBR","MFP","TOT","IDX2015","A","2003",96.589927,
"GBR","MFP","TOT","IDX2015","A","2004",98.10456,
"GBR","MFP","TOT","IDX2015","A","2005",98.721047,
"GBR","MFP","TOT","IDX2015","A","2006",100.248169,
"GBR","MFP","TOT","IDX2015","A","2007",101.204559,
"GBR","MFP","TOT","IDX2015","A","2008",100.710917,
"GBR","MFP","TOT","IDX2015","A","2009",97.523091,
"GBR","MFP","TOT","IDX2015","A","2010",99.270347,
"GBR","MFP","TOT","IDX2015","A","2011",99.007724,
"GBR","MFP","TOT","IDX2015","A","2012",98.363671,
"GBR","MFP","TOT","IDX2015","A","2013",98.643997,
"GBR","MFP","TOT","IDX2015","A","2014",98.766599,
"GBR","MFP","TOT","IDX2015","A","2015",100,
"GBR","MFP","TOT","IDX2015","A","2016",99.253377,
"GBR","MFP","TOT","IDX2015","A","2017",99.70093,
"GBR","MFP","TOT","IDX2015","A","2018",99.737885,
"GBR","MFP","TOT","IDX2015","A","2019",99.474934,
"USA","MFP","TOT","IDX2015","A","1985",76.732455,
"USA","MFP","TOT","IDX2015","A","1986",77.682583,
"USA","MFP","TOT","IDX2015","A","1987",77.860249,
"USA","MFP","TOT","IDX2015","A","1988",78.472749,
"USA","MFP","TOT","IDX2015","A","1989",78.814471,
"USA","MFP","TOT","IDX2015","A","1990",79.339767,
"USA","MFP","TOT","IDX2015","A","1991",79.364385,
"USA","MFP","TOT","IDX2015","A","1992",81.397049,
"USA","MFP","TOT","IDX2015","A","1993",81.529334,
"USA","MFP","TOT","IDX2015","A","1994",82.174075,
"USA","MFP","TOT","IDX2015","A","1995",82.068023,
"USA","MFP","TOT","IDX2015","A","1996",83.434633,
"USA","MFP","TOT","IDX2015","A","1997",84.151841,
"USA","MFP","TOT","IDX2015","A","1998",85.256069,
"USA","MFP","TOT","IDX2015","A","1999",86.745541,
"USA","MFP","TOT","IDX2015","A","2000",88.092028,
"USA","MFP","TOT","IDX2015","A","2001",88.752057,
"USA","MFP","TOT","IDX2015","A","2002",90.226288,
"USA","MFP","TOT","IDX2015","A","2003",92.200777,
"USA","MFP","TOT","IDX2015","A","2004",93.989363,
"USA","MFP","TOT","IDX2015","A","2005",95.351062,
"USA","MFP","TOT","IDX2015","A","2006",95.729427,
"USA","MFP","TOT","IDX2015","A","2007",96.094937,
"USA","MFP","TOT","IDX2015","A","2008",95.94066,
"USA","MFP","TOT","IDX2015","A","2009",97.042285,
"USA","MFP","TOT","IDX2015","A","2010",98.856067,
"USA","MFP","TOT","IDX2015","A","2011",98.641776,
"USA","MFP","TOT","IDX2015","A","2012",98.76062,
"USA","MFP","TOT","IDX2015","A","2013",98.834884,
"USA","MFP","TOT","IDX2015","A","2014",99.174366,
"USA","MFP","TOT","IDX2015","A","2015",100,
"USA","MFP","TOT","IDX2015","A","2016",100.055824,
"USA","MFP","TOT","IDX2015","A","2017",100.746911,
"USA","MFP","TOT","IDX2015","A","2018",101.618334,
"USA","MFP","TOT","IDX2015","A","2019",102.372198,
"IRL","MFP","TOT","IDX2015","A","1985",58.433422,
"IRL","MFP","TOT","IDX2015","A","1986",57.375856,
"IRL","MFP","TOT","IDX2015","A","1987",59.876572,
"IRL","MFP","TOT","IDX2015","A","1988",62.356015,
"IRL","MFP","TOT","IDX2015","A","1989",65.336627,
"IRL","MFP","TOT","IDX2015","A","1990",68.194305,
"IRL","MFP","TOT","IDX2015","A","1991",70.205571,
"IRL","MFP","TOT","IDX2015","A","1992",73.046614,
"IRL","MFP","TOT","IDX2015","A","1993",74.558502,
"IRL","MFP","TOT","IDX2015","A","1994",76.387754,
"IRL","MFP","TOT","IDX2015","A","1995",79.998353,
"IRL","MFP","TOT","IDX2015","A","1996",82.706331,
"IRL","MFP","TOT","IDX2015","A","1997",87.704126,
"IRL","MFP","TOT","IDX2015","A","1998",89.079592,
"IRL","MFP","TOT","IDX2015","A","1999",92.181384,
"IRL","MFP","TOT","IDX2015","A","2000",95.995432,
"IRL","MFP","TOT","IDX2015","A","2001",97.257457,
"IRL","MFP","TOT","IDX2015","A","2002",100.686564,
"IRL","MFP","TOT","IDX2015","A","2003",101.17305,
"IRL","MFP","TOT","IDX2015","A","2004",103.883128,
"IRL","MFP","TOT","IDX2015","A","2005",103.393997,
"IRL","MFP","TOT","IDX2015","A","2006",102.840198,
"IRL","MFP","TOT","IDX2015","A","2007",103.28332,
"IRL","MFP","TOT","IDX2015","A","2008",98.157276,
"IRL","MFP","TOT","IDX2015","A","2009",98.211576,
"IRL","MFP","TOT","IDX2015","A","2010",104.808081,
"IRL","MFP","TOT","IDX2015","A","2011",104.900826,
"IRL","MFP","TOT","IDX2015","A","2012",103.516726,
"IRL","MFP","TOT","IDX2015","A","2013",101.02366,
"IRL","MFP","TOT","IDX2015","A","2014",105.190508,
"ISR","MFP","TOT","AGRWTH","A","1996",-0.83142,
"ISR","MFP","TOT","AGRWTH","A","1997",0.020868,
"ISR","MFP","TOT","AGRWTH","A","1998",1.567807,
"ISR","MFP","TOT","AGRWTH","A","1999",-0.926932,
"ISR","MFP","TOT","AGRWTH","A","2000",3.357353,
"ISR","MFP","TOT","AGRWTH","A","2001",-0.462764,
"ISR","MFP","TOT","AGRWTH","A","2002",-2.296192,
"ISR","MFP","TOT","AGRWTH","A","2003",0.490248,
"ISR","MFP","TOT","AGRWTH","A","2004",3.8221,
"ISR","MFP","TOT","AGRWTH","A","2005",0.861477,
"ISR","MFP","TOT","AGRWTH","A","2006",3.127455,
"ISR","MFP","TOT","AGRWTH","A","2007",0.907608,
"ISR","MFP","TOT","AGRWTH","A","2008",-0.521086,
"ISR","MFP","TOT","AGRWTH","A","2009",-1.512923,
"ISR","MFP","TOT","AGRWTH","A","2010",2.523547,
"ISR","MFP","TOT","AGRWTH","A","2011",1.655122,
"ISR","MFP","TOT","AGRWTH","A","2012",-0.551931,
"ISR","MFP","TOT","AGRWTH","A","2013",1.63868,
"ISR","MFP","TOT","AGRWTH","A","2014",1.547552,
"ISR","MFP","TOT","AGRWTH","A","2015",-0.152484,
"ISR","MFP","TOT","AGRWTH","A","2016",0.068512,
"ISR","MFP","TOT","AGRWTH","A","2017",0.716341,
"ISR","MFP","TOT","AGRWTH","A","2018",1.258435,
"ISR","MFP","TOT","AGRWTH","A","2019",1.576755,
"ISR","MFP","TOT","IDX2015","A","1996",86.25747,
"ISR","MFP","TOT","IDX2015","A","1997",86.27547,
"ISR","MFP","TOT","IDX2015","A","1998",87.628103,
"ISR","MFP","TOT","IDX2015","A","1999",86.81585,
"ISR","MFP","TOT","IDX2015","A","2000",89.730564,
"ISR","MFP","TOT","IDX2015","A","2001",89.315323,
"ISR","MFP","TOT","IDX2015","A","2002",87.264472,
"ISR","MFP","TOT","IDX2015","A","2003",87.692285,
"ISR","MFP","TOT","IDX2015","A","2004",91.043971,
"ISR","MFP","TOT","IDX2015","A","2005",91.828294,
"ISR","MFP","TOT","IDX2015","A","2006",94.700183,
"ISR","MFP","TOT","IDX2015","A","2007",95.55969,
"ISR","MFP","TOT","IDX2015","A","2008",95.061741,
"ISR","MFP","TOT","IDX2015","A","2009",93.62353,
"ISR","MFP","TOT","IDX2015","A","2010",95.986164,
"ISR","MFP","TOT","IDX2015","A","2011",97.574852,
"ISR","MFP","TOT","IDX2015","A","2012",97.036307,
"ISR","MFP","TOT","IDX2015","A","2013",98.626421,
"ISR","MFP","TOT","IDX2015","A","2014",100.152717,
"ISR","MFP","TOT","IDX2015","A","2015",100,
"ISR","MFP","TOT","IDX2015","A","2016",100.068512,
"ISR","MFP","TOT","IDX2015","A","2017",100.785343,
"ISR","MFP","TOT","IDX2015","A","2018",102.053661,
"ISR","MFP","TOT","IDX2015","A","2019",103.662797,
